Nombre;Descripcion
Bases de Datos PostgreSQL - Grupo 1;Clase intensiva enfocada en el aprendizaje practico. Edicion 1.
Diseno UX/UI - Grupo 2;Clase intensiva enfocada en el aprendizaje practico. Edicion 2.
Arquitectura .NET - Grupo 3;Clase intensiva enfocada en el aprendizaje practico. Edicion 3.
Bases de Datos PostgreSQL - Grupo 4;Clase intensiva enfocada en el aprendizaje practico. Edicion 4.
Bases de Datos PostgreSQL - Grupo 5;Clase intensiva enfocada en el aprendizaje practico. Edicion 5.
Desarrollo en C# - Grupo 6;Clase intensiva enfocada en el aprendizaje practico. Edicion 6.
Diseno UX/UI - Grupo 7;Clase intensiva enfocada en el aprendizaje practico. Edicion 7.
Frontend con React - Grupo 8;Clase intensiva enfocada en el aprendizaje practico. Edicion 8.
Bases de Datos PostgreSQL - Grupo 9;Clase intensiva enfocada en el aprendizaje practico. Edicion 9.
Diseno UX/UI - Grupo 10;Clase intensiva enfocada en el aprendizaje practico. Edicion 10.
DevOps y Cloud - Grupo 11;Clase intensiva enfocada en el aprendizaje practico. Edicion 11.
DevOps y Cloud - Grupo 12;Clase intensiva enfocada en el aprendizaje practico. Edicion 12.
Bases de Datos PostgreSQL - Grupo 13;Clase intensiva enfocada en el aprendizaje practico. Edicion 13.
Desarrollo en C# - Grupo 14;Clase intensiva enfocada en el aprendizaje practico. Edicion 14.
Bases de Datos PostgreSQL - Grupo 15;Clase intensiva enfocada en el aprendizaje practico. Edicion 15.
DevOps y Cloud - Grupo 16;Clase intensiva enfocada en el aprendizaje practico. Edicion 16.
Arquitectura .NET - Grupo 17;Clase intensiva enfocada en el aprendizaje practico. Edicion 17.
Arquitectura .NET - Grupo 18;Clase intensiva enfocada en el aprendizaje practico. Edicion 18.
Desarrollo en C# - Grupo 19;Clase intensiva enfocada en el aprendizaje practico. Edicion 19.
Diseno UX/UI - Grupo 20;Clase intensiva enfocada en el aprendizaje practico. Edicion 20.
Desarrollo en C# - Grupo 21;Clase intensiva enfocada en el aprendizaje practico. Edicion 21.
Frontend con React - Grupo 22;Clase intensiva enfocada en el aprendizaje practico. Edicion 22.
Bases de Datos PostgreSQL - Grupo 23;Clase intensiva enfocada en el aprendizaje practico. Edicion 23.
Diseno UX/UI - Grupo 24;Clase intensiva enfocada en el aprendizaje practico. Edicion 24.
Frontend con React - Grupo 25;Clase intensiva enfocada en el aprendizaje practico. Edicion 25.
Frontend con React - Grupo 26;Clase intensiva enfocada en el aprendizaje practico. Edicion 26.
Frontend con React - Grupo 27;Clase intensiva enfocada en el aprendizaje practico. Edicion 27.
Desarrollo en C# - Grupo 28;Clase intensiva enfocada en el aprendizaje practico. Edicion 28.
Diseno UX/UI - Grupo 29;Clase intensiva enfocada en el aprendizaje practico. Edicion 29.
Desarrollo en C# - Grupo 30;Clase intensiva enfocada en el aprendizaje practico. Edicion 30.
Frontend con React - Grupo 31;Clase intensiva enfocada en el aprendizaje practico. Edicion 31.
Desarrollo en C# - Grupo 32;Clase intensiva enfocada en el aprendizaje practico. Edicion 32.
Bases de Datos PostgreSQL - Grupo 33;Clase intensiva enfocada en el aprendizaje practico. Edicion 33.
Arquitectura .NET - Grupo 34;Clase intensiva enfocada en el aprendizaje practico. Edicion 34.
Desarrollo en C# - Grupo 35;Clase intensiva enfocada en el aprendizaje practico. Edicion 35.
Arquitectura .NET - Grupo 36;Clase intensiva enfocada en el aprendizaje practico. Edicion 36.
Diseno UX/UI - Grupo 37;Clase intensiva enfocada en el aprendizaje practico. Edicion 37.
Desarrollo en C# - Grupo 38;Clase intensiva enfocada en el aprendizaje practico. Edicion 38.
Diseno UX/UI - Grupo 39;Clase intensiva enfocada en el aprendizaje practico. Edicion 39.
Frontend con React - Grupo 40;Clase intensiva enfocada en el aprendizaje practico. Edicion 40.
Bases de Datos PostgreSQL - Grupo 41;Clase intensiva enfocada en el aprendizaje practico. Edicion 41.
Desarrollo en C# - Grupo 42;Clase intensiva enfocada en el aprendizaje practico. Edicion 42.
Desarrollo en C# - Grupo 43;Clase intensiva enfocada en el aprendizaje practico. Edicion 43.
Diseno UX/UI - Grupo 44;Clase intensiva enfocada en el aprendizaje practico. Edicion 44.
Bases de Datos PostgreSQL - Grupo 45;Clase intensiva enfocada en el aprendizaje practico. Edicion 45.
DevOps y Cloud - Grupo 46;Clase intensiva enfocada en el aprendizaje practico. Edicion 46.
Diseno UX/UI - Grupo 47;Clase intensiva enfocada en el aprendizaje practico. Edicion 47.
Arquitectura .NET - Grupo 48;Clase intensiva enfocada en el aprendizaje practico. Edicion 48.
Diseno UX/UI - Grupo 49;Clase intensiva enfocada en el aprendizaje practico. Edicion 49.
DevOps y Cloud - Grupo 50;Clase intensiva enfocada en el aprendizaje practico. Edicion 50.
Bases de Datos PostgreSQL - Grupo 51;Clase intensiva enfocada en el aprendizaje practico. Edicion 51.
Bases de Datos PostgreSQL - Grupo 52;Clase intensiva enfocada en el aprendizaje practico. Edicion 52.
Desarrollo en C# - Grupo 53;Clase intensiva enfocada en el aprendizaje practico. Edicion 53.
Arquitectura .NET - Grupo 54;Clase intensiva enfocada en el aprendizaje practico. Edicion 54.
Diseno UX/UI - Grupo 55;Clase intensiva enfocada en el aprendizaje practico. Edicion 55.
Frontend con React - Grupo 56;Clase intensiva enfocada en el aprendizaje practico. Edicion 56.
Arquitectura .NET - Grupo 57;Clase intensiva enfocada en el aprendizaje practico. Edicion 57.
DevOps y Cloud - Grupo 58;Clase intensiva enfocada en el aprendizaje practico. Edicion 58.
Diseno UX/UI - Grupo 59;Clase intensiva enfocada en el aprendizaje practico. Edicion 59.
Arquitectura .NET - Grupo 60;Clase intensiva enfocada en el aprendizaje practico. Edicion 60.
Desarrollo en C# - Grupo 61;Clase intensiva enfocada en el aprendizaje practico. Edicion 61.
Diseno UX/UI - Grupo 62;Clase intensiva enfocada en el aprendizaje practico. Edicion 62.
Frontend con React - Grupo 63;Clase intensiva enfocada en el aprendizaje practico. Edicion 63.
Diseno UX/UI - Grupo 64;Clase intensiva enfocada en el aprendizaje practico. Edicion 64.
Diseno UX/UI - Grupo 65;Clase intensiva enfocada en el aprendizaje practico. Edicion 65.
Arquitectura .NET - Grupo 66;Clase intensiva enfocada en el aprendizaje practico. Edicion 66.
Bases de Datos PostgreSQL - Grupo 67;Clase intensiva enfocada en el aprendizaje practico. Edicion 67.
Desarrollo en C# - Grupo 68;Clase intensiva enfocada en el aprendizaje practico. Edicion 68.
Bases de Datos PostgreSQL - Grupo 69;Clase intensiva enfocada en el aprendizaje practico. Edicion 69.
Desarrollo en C# - Grupo 70;Clase intensiva enfocada en el aprendizaje practico. Edicion 70.
DevOps y Cloud - Grupo 71;Clase intensiva enfocada en el aprendizaje practico. Edicion 71.
Desarrollo en C# - Grupo 72;Clase intensiva enfocada en el aprendizaje practico. Edicion 72.
Bases de Datos PostgreSQL - Grupo 73;Clase intensiva enfocada en el aprendizaje practico. Edicion 73.
Bases de Datos PostgreSQL - Grupo 74;Clase intensiva enfocada en el aprendizaje practico. Edicion 74.
Frontend con React - Grupo 75;Clase intensiva enfocada en el aprendizaje practico. Edicion 75.
Frontend con React - Grupo 76;Clase intensiva enfocada en el aprendizaje practico. Edicion 76.
Frontend con React - Grupo 77;Clase intensiva enfocada en el aprendizaje practico. Edicion 77.
Desarrollo en C# - Grupo 78;Clase intensiva enfocada en el aprendizaje practico. Edicion 78.
Bases de Datos PostgreSQL - Grupo 79;Clase intensiva enfocada en el aprendizaje practico. Edicion 79.
Frontend con React - Grupo 80;Clase intensiva enfocada en el aprendizaje practico. Edicion 80.
Desarrollo en C# - Grupo 81;Clase intensiva enfocada en el aprendizaje practico. Edicion 81.
Diseno UX/UI - Grupo 82;Clase intensiva enfocada en el aprendizaje practico. Edicion 82.
Frontend con React - Grupo 83;Clase intensiva enfocada en el aprendizaje practico. Edicion 83.
Frontend con React - Grupo 84;Clase intensiva enfocada en el aprendizaje practico. Edicion 84.
Bases de Datos PostgreSQL - Grupo 85;Clase intensiva enfocada en el aprendizaje practico. Edicion 85.
Bases de Datos PostgreSQL - Grupo 86;Clase intensiva enfocada en el aprendizaje practico. Edicion 86.
DevOps y Cloud - Grupo 87;Clase intensiva enfocada en el aprendizaje practico. Edicion 87.
Diseno UX/UI - Grupo 88;Clase intensiva enfocada en el aprendizaje practico. Edicion 88.
Arquitectura .NET - Grupo 89;Clase intensiva enfocada en el aprendizaje practico. Edicion 89.
Bases de Datos PostgreSQL - Grupo 90;Clase intensiva enfocada en el aprendizaje practico. Edicion 90.
Diseno UX/UI - Grupo 91;Clase intensiva enfocada en el aprendizaje practico. Edicion 91.
Frontend con React - Grupo 92;Clase intensiva enfocada en el aprendizaje practico. Edicion 92.
DevOps y Cloud - Grupo 93;Clase intensiva enfocada en el aprendizaje practico. Edicion 93.
Diseno UX/UI - Grupo 94;Clase intensiva enfocada en el aprendizaje practico. Edicion 94.
Arquitectura .NET - Grupo 95;Clase intensiva enfocada en el aprendizaje practico. Edicion 95.
Arquitectura .NET - Grupo 96;Clase intensiva enfocada en el aprendizaje practico. Edicion 96.
Diseno UX/UI - Grupo 97;Clase intensiva enfocada en el aprendizaje practico. Edicion 97.
Bases de Datos PostgreSQL - Grupo 98;Clase intensiva enfocada en el aprendizaje practico. Edicion 98.
Diseno UX/UI - Grupo 99;Clase intensiva enfocada en el aprendizaje practico. Edicion 99.
Diseno UX/UI - Grupo 100;Clase intensiva enfocada en el aprendizaje practico. Edicion 100.
Diseno UX/UI - Grupo 101;Clase intensiva enfocada en el aprendizaje practico. Edicion 101.
Bases de Datos PostgreSQL - Grupo 102;Clase intensiva enfocada en el aprendizaje practico. Edicion 102.
Frontend con React - Grupo 103;Clase intensiva enfocada en el aprendizaje practico. Edicion 103.
Diseno UX/UI - Grupo 104;Clase intensiva enfocada en el aprendizaje practico. Edicion 104.
Desarrollo en C# - Grupo 105;Clase intensiva enfocada en el aprendizaje practico. Edicion 105.
DevOps y Cloud - Grupo 106;Clase intensiva enfocada en el aprendizaje practico. Edicion 106.
Arquitectura .NET - Grupo 107;Clase intensiva enfocada en el aprendizaje practico. Edicion 107.
DevOps y Cloud - Grupo 108;Clase intensiva enfocada en el aprendizaje practico. Edicion 108.
Frontend con React - Grupo 109;Clase intensiva enfocada en el aprendizaje practico. Edicion 109.
Frontend con React - Grupo 110;Clase intensiva enfocada en el aprendizaje practico. Edicion 110.
Desarrollo en C# - Grupo 111;Clase intensiva enfocada en el aprendizaje practico. Edicion 111.
Bases de Datos PostgreSQL - Grupo 112;Clase intensiva enfocada en el aprendizaje practico. Edicion 112.
Arquitectura .NET - Grupo 113;Clase intensiva enfocada en el aprendizaje practico. Edicion 113.
DevOps y Cloud - Grupo 114;Clase intensiva enfocada en el aprendizaje practico. Edicion 114.
Diseno UX/UI - Grupo 115;Clase intensiva enfocada en el aprendizaje practico. Edicion 115.
Diseno UX/UI - Grupo 116;Clase intensiva enfocada en el aprendizaje practico. Edicion 116.
Frontend con React - Grupo 117;Clase intensiva enfocada en el aprendizaje practico. Edicion 117.
Diseno UX/UI - Grupo 118;Clase intensiva enfocada en el aprendizaje practico. Edicion 118.
Diseno UX/UI - Grupo 119;Clase intensiva enfocada en el aprendizaje practico. Edicion 119.
Arquitectura .NET - Grupo 120;Clase intensiva enfocada en el aprendizaje practico. Edicion 120.
Bases de Datos PostgreSQL - Grupo 121;Clase intensiva enfocada en el aprendizaje practico. Edicion 121.
Diseno UX/UI - Grupo 122;Clase intensiva enfocada en el aprendizaje practico. Edicion 122.
Desarrollo en C# - Grupo 123;Clase intensiva enfocada en el aprendizaje practico. Edicion 123.
DevOps y Cloud - Grupo 124;Clase intensiva enfocada en el aprendizaje practico. Edicion 124.
Diseno UX/UI - Grupo 125;Clase intensiva enfocada en el aprendizaje practico. Edicion 125.
Frontend con React - Grupo 126;Clase intensiva enfocada en el aprendizaje practico. Edicion 126.
Frontend con React - Grupo 127;Clase intensiva enfocada en el aprendizaje practico. Edicion 127.
Bases de Datos PostgreSQL - Grupo 128;Clase intensiva enfocada en el aprendizaje practico. Edicion 128.
Desarrollo en C# - Grupo 129;Clase intensiva enfocada en el aprendizaje practico. Edicion 129.
Bases de Datos PostgreSQL - Grupo 130;Clase intensiva enfocada en el aprendizaje practico. Edicion 130.
Diseno UX/UI - Grupo 131;Clase intensiva enfocada en el aprendizaje practico. Edicion 131.
Arquitectura .NET - Grupo 132;Clase intensiva enfocada en el aprendizaje practico. Edicion 132.
Bases de Datos PostgreSQL - Grupo 133;Clase intensiva enfocada en el aprendizaje practico. Edicion 133.
DevOps y Cloud - Grupo 134;Clase intensiva enfocada en el aprendizaje practico. Edicion 134.
Arquitectura .NET - Grupo 135;Clase intensiva enfocada en el aprendizaje practico. Edicion 135.
Arquitectura .NET - Grupo 136;Clase intensiva enfocada en el aprendizaje practico. Edicion 136.
Frontend con React - Grupo 137;Clase intensiva enfocada en el aprendizaje practico. Edicion 137.
Desarrollo en C# - Grupo 138;Clase intensiva enfocada en el aprendizaje practico. Edicion 138.
Desarrollo en C# - Grupo 139;Clase intensiva enfocada en el aprendizaje practico. Edicion 139.
Arquitectura .NET - Grupo 140;Clase intensiva enfocada en el aprendizaje practico. Edicion 140.
Desarrollo en C# - Grupo 141;Clase intensiva enfocada en el aprendizaje practico. Edicion 141.
DevOps y Cloud - Grupo 142;Clase intensiva enfocada en el aprendizaje practico. Edicion 142.
Bases de Datos PostgreSQL - Grupo 143;Clase intensiva enfocada en el aprendizaje practico. Edicion 143.
Desarrollo en C# - Grupo 144;Clase intensiva enfocada en el aprendizaje practico. Edicion 144.
DevOps y Cloud - Grupo 145;Clase intensiva enfocada en el aprendizaje practico. Edicion 145.
Diseno UX/UI - Grupo 146;Clase intensiva enfocada en el aprendizaje practico. Edicion 146.
Diseno UX/UI - Grupo 147;Clase intensiva enfocada en el aprendizaje practico. Edicion 147.
Desarrollo en C# - Grupo 148;Clase intensiva enfocada en el aprendizaje practico. Edicion 148.
Desarrollo en C# - Grupo 149;Clase intensiva enfocada en el aprendizaje practico. Edicion 149.
Bases de Datos PostgreSQL - Grupo 150;Clase intensiva enfocada en el aprendizaje practico. Edicion 150.
DevOps y Cloud - Grupo 151;Clase intensiva enfocada en el aprendizaje practico. Edicion 151.
Diseno UX/UI - Grupo 152;Clase intensiva enfocada en el aprendizaje practico. Edicion 152.
Frontend con React - Grupo 153;Clase intensiva enfocada en el aprendizaje practico. Edicion 153.
DevOps y Cloud - Grupo 154;Clase intensiva enfocada en el aprendizaje practico. Edicion 154.
Arquitectura .NET - Grupo 155;Clase intensiva enfocada en el aprendizaje practico. Edicion 155.
Diseno UX/UI - Grupo 156;Clase intensiva enfocada en el aprendizaje practico. Edicion 156.
Frontend con React - Grupo 157;Clase intensiva enfocada en el aprendizaje practico. Edicion 157.
DevOps y Cloud - Grupo 158;Clase intensiva enfocada en el aprendizaje practico. Edicion 158.
Arquitectura .NET - Grupo 159;Clase intensiva enfocada en el aprendizaje practico. Edicion 159.
DevOps y Cloud - Grupo 160;Clase intensiva enfocada en el aprendizaje practico. Edicion 160.
Bases de Datos PostgreSQL - Grupo 161;Clase intensiva enfocada en el aprendizaje practico. Edicion 161.
Diseno UX/UI - Grupo 162;Clase intensiva enfocada en el aprendizaje practico. Edicion 162.
Arquitectura .NET - Grupo 163;Clase intensiva enfocada en el aprendizaje practico. Edicion 163.
Frontend con React - Grupo 164;Clase intensiva enfocada en el aprendizaje practico. Edicion 164.
Bases de Datos PostgreSQL - Grupo 165;Clase intensiva enfocada en el aprendizaje practico. Edicion 165.
DevOps y Cloud - Grupo 166;Clase intensiva enfocada en el aprendizaje practico. Edicion 166.
Frontend con React - Grupo 167;Clase intensiva enfocada en el aprendizaje practico. Edicion 167.
Desarrollo en C# - Grupo 168;Clase intensiva enfocada en el aprendizaje practico. Edicion 168.
Bases de Datos PostgreSQL - Grupo 169;Clase intensiva enfocada en el aprendizaje practico. Edicion 169.
DevOps y Cloud - Grupo 170;Clase intensiva enfocada en el aprendizaje practico. Edicion 170.
Diseno UX/UI - Grupo 171;Clase intensiva enfocada en el aprendizaje practico. Edicion 171.
Frontend con React - Grupo 172;Clase intensiva enfocada en el aprendizaje practico. Edicion 172.
DevOps y Cloud - Grupo 173;Clase intensiva enfocada en el aprendizaje practico. Edicion 173.
Bases de Datos PostgreSQL - Grupo 174;Clase intensiva enfocada en el aprendizaje practico. Edicion 174.
Arquitectura .NET - Grupo 175;Clase intensiva enfocada en el aprendizaje practico. Edicion 175.
Arquitectura .NET - Grupo 176;Clase intensiva enfocada en el aprendizaje practico. Edicion 176.
Diseno UX/UI - Grupo 177;Clase intensiva enfocada en el aprendizaje practico. Edicion 177.
Bases de Datos PostgreSQL - Grupo 178;Clase intensiva enfocada en el aprendizaje practico. Edicion 178.
Bases de Datos PostgreSQL - Grupo 179;Clase intensiva enfocada en el aprendizaje practico. Edicion 179.
Diseno UX/UI - Grupo 180;Clase intensiva enfocada en el aprendizaje practico. Edicion 180.
Diseno UX/UI - Grupo 181;Clase intensiva enfocada en el aprendizaje practico. Edicion 181.
Bases de Datos PostgreSQL - Grupo 182;Clase intensiva enfocada en el aprendizaje practico. Edicion 182.
Bases de Datos PostgreSQL - Grupo 183;Clase intensiva enfocada en el aprendizaje practico. Edicion 183.
DevOps y Cloud - Grupo 184;Clase intensiva enfocada en el aprendizaje practico. Edicion 184.
Diseno UX/UI - Grupo 185;Clase intensiva enfocada en el aprendizaje practico. Edicion 185.
Frontend con React - Grupo 186;Clase intensiva enfocada en el aprendizaje practico. Edicion 186.
Frontend con React - Grupo 187;Clase intensiva enfocada en el aprendizaje practico. Edicion 187.
Diseno UX/UI - Grupo 188;Clase intensiva enfocada en el aprendizaje practico. Edicion 188.
Desarrollo en C# - Grupo 189;Clase intensiva enfocada en el aprendizaje practico. Edicion 189.
DevOps y Cloud - Grupo 190;Clase intensiva enfocada en el aprendizaje practico. Edicion 190.
Bases de Datos PostgreSQL - Grupo 191;Clase intensiva enfocada en el aprendizaje practico. Edicion 191.
Desarrollo en C# - Grupo 192;Clase intensiva enfocada en el aprendizaje practico. Edicion 192.
Desarrollo en C# - Grupo 193;Clase intensiva enfocada en el aprendizaje practico. Edicion 193.
Desarrollo en C# - Grupo 194;Clase intensiva enfocada en el aprendizaje practico. Edicion 194.
Diseno UX/UI - Grupo 195;Clase intensiva enfocada en el aprendizaje practico. Edicion 195.
Arquitectura .NET - Grupo 196;Clase intensiva enfocada en el aprendizaje practico. Edicion 196.
DevOps y Cloud - Grupo 197;Clase intensiva enfocada en el aprendizaje practico. Edicion 197.
Frontend con React - Grupo 198;Clase intensiva enfocada en el aprendizaje practico. Edicion 198.
Arquitectura .NET - Grupo 199;Clase intensiva enfocada en el aprendizaje practico. Edicion 199.
Arquitectura .NET - Grupo 200;Clase intensiva enfocada en el aprendizaje practico. Edicion 200.
Arquitectura .NET - Grupo 201;Clase intensiva enfocada en el aprendizaje practico. Edicion 201.
Arquitectura .NET - Grupo 202;Clase intensiva enfocada en el aprendizaje practico. Edicion 202.
Diseno UX/UI - Grupo 203;Clase intensiva enfocada en el aprendizaje practico. Edicion 203.
Desarrollo en C# - Grupo 204;Clase intensiva enfocada en el aprendizaje practico. Edicion 204.
Frontend con React - Grupo 205;Clase intensiva enfocada en el aprendizaje practico. Edicion 205.
Arquitectura .NET - Grupo 206;Clase intensiva enfocada en el aprendizaje practico. Edicion 206.
Bases de Datos PostgreSQL - Grupo 207;Clase intensiva enfocada en el aprendizaje practico. Edicion 207.
Arquitectura .NET - Grupo 208;Clase intensiva enfocada en el aprendizaje practico. Edicion 208.
DevOps y Cloud - Grupo 209;Clase intensiva enfocada en el aprendizaje practico. Edicion 209.
Diseno UX/UI - Grupo 210;Clase intensiva enfocada en el aprendizaje practico. Edicion 210.
Bases de Datos PostgreSQL - Grupo 211;Clase intensiva enfocada en el aprendizaje practico. Edicion 211.
Diseno UX/UI - Grupo 212;Clase intensiva enfocada en el aprendizaje practico. Edicion 212.
Arquitectura .NET - Grupo 213;Clase intensiva enfocada en el aprendizaje practico. Edicion 213.
Arquitectura .NET - Grupo 214;Clase intensiva enfocada en el aprendizaje practico. Edicion 214.
DevOps y Cloud - Grupo 215;Clase intensiva enfocada en el aprendizaje practico. Edicion 215.
Bases de Datos PostgreSQL - Grupo 216;Clase intensiva enfocada en el aprendizaje practico. Edicion 216.
Arquitectura .NET - Grupo 217;Clase intensiva enfocada en el aprendizaje practico. Edicion 217.
DevOps y Cloud - Grupo 218;Clase intensiva enfocada en el aprendizaje practico. Edicion 218.
Frontend con React - Grupo 219;Clase intensiva enfocada en el aprendizaje practico. Edicion 219.
Diseno UX/UI - Grupo 220;Clase intensiva enfocada en el aprendizaje practico. Edicion 220.
Desarrollo en C# - Grupo 221;Clase intensiva enfocada en el aprendizaje practico. Edicion 221.
Diseno UX/UI - Grupo 222;Clase intensiva enfocada en el aprendizaje practico. Edicion 222.
Bases de Datos PostgreSQL - Grupo 223;Clase intensiva enfocada en el aprendizaje practico. Edicion 223.
Bases de Datos PostgreSQL - Grupo 224;Clase intensiva enfocada en el aprendizaje practico. Edicion 224.
Frontend con React - Grupo 225;Clase intensiva enfocada en el aprendizaje practico. Edicion 225.
DevOps y Cloud - Grupo 226;Clase intensiva enfocada en el aprendizaje practico. Edicion 226.
Desarrollo en C# - Grupo 227;Clase intensiva enfocada en el aprendizaje practico. Edicion 227.
Desarrollo en C# - Grupo 228;Clase intensiva enfocada en el aprendizaje practico. Edicion 228.
Desarrollo en C# - Grupo 229;Clase intensiva enfocada en el aprendizaje practico. Edicion 229.
DevOps y Cloud - Grupo 230;Clase intensiva enfocada en el aprendizaje practico. Edicion 230.
Arquitectura .NET - Grupo 231;Clase intensiva enfocada en el aprendizaje practico. Edicion 231.
Bases de Datos PostgreSQL - Grupo 232;Clase intensiva enfocada en el aprendizaje practico. Edicion 232.
DevOps y Cloud - Grupo 233;Clase intensiva enfocada en el aprendizaje practico. Edicion 233.
DevOps y Cloud - Grupo 234;Clase intensiva enfocada en el aprendizaje practico. Edicion 234.
Bases de Datos PostgreSQL - Grupo 235;Clase intensiva enfocada en el aprendizaje practico. Edicion 235.
DevOps y Cloud - Grupo 236;Clase intensiva enfocada en el aprendizaje practico. Edicion 236.
Frontend con React - Grupo 237;Clase intensiva enfocada en el aprendizaje practico. Edicion 237.
Desarrollo en C# - Grupo 238;Clase intensiva enfocada en el aprendizaje practico. Edicion 238.
Bases de Datos PostgreSQL - Grupo 239;Clase intensiva enfocada en el aprendizaje practico. Edicion 239.
Desarrollo en C# - Grupo 240;Clase intensiva enfocada en el aprendizaje practico. Edicion 240.
Diseno UX/UI - Grupo 241;Clase intensiva enfocada en el aprendizaje practico. Edicion 241.
Bases de Datos PostgreSQL - Grupo 242;Clase intensiva enfocada en el aprendizaje practico. Edicion 242.
Frontend con React - Grupo 243;Clase intensiva enfocada en el aprendizaje practico. Edicion 243.
Bases de Datos PostgreSQL - Grupo 244;Clase intensiva enfocada en el aprendizaje practico. Edicion 244.
Diseno UX/UI - Grupo 245;Clase intensiva enfocada en el aprendizaje practico. Edicion 245.
Diseno UX/UI - Grupo 246;Clase intensiva enfocada en el aprendizaje practico. Edicion 246.
Bases de Datos PostgreSQL - Grupo 247;Clase intensiva enfocada en el aprendizaje practico. Edicion 247.
Bases de Datos PostgreSQL - Grupo 248;Clase intensiva enfocada en el aprendizaje practico. Edicion 248.
Arquitectura .NET - Grupo 249;Clase intensiva enfocada en el aprendizaje practico. Edicion 249.
Bases de Datos PostgreSQL - Grupo 250;Clase intensiva enfocada en el aprendizaje practico. Edicion 250.
Arquitectura .NET - Grupo 251;Clase intensiva enfocada en el aprendizaje practico. Edicion 251.
Bases de Datos PostgreSQL - Grupo 252;Clase intensiva enfocada en el aprendizaje practico. Edicion 252.
Arquitectura .NET - Grupo 253;Clase intensiva enfocada en el aprendizaje practico. Edicion 253.
Bases de Datos PostgreSQL - Grupo 254;Clase intensiva enfocada en el aprendizaje practico. Edicion 254.
Arquitectura .NET - Grupo 255;Clase intensiva enfocada en el aprendizaje practico. Edicion 255.
Diseno UX/UI - Grupo 256;Clase intensiva enfocada en el aprendizaje practico. Edicion 256.
Bases de Datos PostgreSQL - Grupo 257;Clase intensiva enfocada en el aprendizaje practico. Edicion 257.
Arquitectura .NET - Grupo 258;Clase intensiva enfocada en el aprendizaje practico. Edicion 258.
Arquitectura .NET - Grupo 259;Clase intensiva enfocada en el aprendizaje practico. Edicion 259.
DevOps y Cloud - Grupo 260;Clase intensiva enfocada en el aprendizaje practico. Edicion 260.
Diseno UX/UI - Grupo 261;Clase intensiva enfocada en el aprendizaje practico. Edicion 261.
Diseno UX/UI - Grupo 262;Clase intensiva enfocada en el aprendizaje practico. Edicion 262.
Frontend con React - Grupo 263;Clase intensiva enfocada en el aprendizaje practico. Edicion 263.
Frontend con React - Grupo 264;Clase intensiva enfocada en el aprendizaje practico. Edicion 264.
Desarrollo en C# - Grupo 265;Clase intensiva enfocada en el aprendizaje practico. Edicion 265.
Diseno UX/UI - Grupo 266;Clase intensiva enfocada en el aprendizaje practico. Edicion 266.
Diseno UX/UI - Grupo 267;Clase intensiva enfocada en el aprendizaje practico. Edicion 267.
DevOps y Cloud - Grupo 268;Clase intensiva enfocada en el aprendizaje practico. Edicion 268.
Bases de Datos PostgreSQL - Grupo 269;Clase intensiva enfocada en el aprendizaje practico. Edicion 269.
Frontend con React - Grupo 270;Clase intensiva enfocada en el aprendizaje practico. Edicion 270.
DevOps y Cloud - Grupo 271;Clase intensiva enfocada en el aprendizaje practico. Edicion 271.
Diseno UX/UI - Grupo 272;Clase intensiva enfocada en el aprendizaje practico. Edicion 272.
Desarrollo en C# - Grupo 273;Clase intensiva enfocada en el aprendizaje practico. Edicion 273.
Desarrollo en C# - Grupo 274;Clase intensiva enfocada en el aprendizaje practico. Edicion 274.
Desarrollo en C# - Grupo 275;Clase intensiva enfocada en el aprendizaje practico. Edicion 275.
Bases de Datos PostgreSQL - Grupo 276;Clase intensiva enfocada en el aprendizaje practico. Edicion 276.
Diseno UX/UI - Grupo 277;Clase intensiva enfocada en el aprendizaje practico. Edicion 277.
Diseno UX/UI - Grupo 278;Clase intensiva enfocada en el aprendizaje practico. Edicion 278.
Frontend con React - Grupo 279;Clase intensiva enfocada en el aprendizaje practico. Edicion 279.
DevOps y Cloud - Grupo 280;Clase intensiva enfocada en el aprendizaje practico. Edicion 280.
Arquitectura .NET - Grupo 281;Clase intensiva enfocada en el aprendizaje practico. Edicion 281.
Desarrollo en C# - Grupo 282;Clase intensiva enfocada en el aprendizaje practico. Edicion 282.
Diseno UX/UI - Grupo 283;Clase intensiva enfocada en el aprendizaje practico. Edicion 283.
Frontend con React - Grupo 284;Clase intensiva enfocada en el aprendizaje practico. Edicion 284.
Frontend con React - Grupo 285;Clase intensiva enfocada en el aprendizaje practico. Edicion 285.
Desarrollo en C# - Grupo 286;Clase intensiva enfocada en el aprendizaje practico. Edicion 286.
Frontend con React - Grupo 287;Clase intensiva enfocada en el aprendizaje practico. Edicion 287.
Frontend con React - Grupo 288;Clase intensiva enfocada en el aprendizaje practico. Edicion 288.
Frontend con React - Grupo 289;Clase intensiva enfocada en el aprendizaje practico. Edicion 289.
DevOps y Cloud - Grupo 290;Clase intensiva enfocada en el aprendizaje practico. Edicion 290.
Bases de Datos PostgreSQL - Grupo 291;Clase intensiva enfocada en el aprendizaje practico. Edicion 291.
Desarrollo en C# - Grupo 292;Clase intensiva enfocada en el aprendizaje practico. Edicion 292.
Arquitectura .NET - Grupo 293;Clase intensiva enfocada en el aprendizaje practico. Edicion 293.
Desarrollo en C# - Grupo 294;Clase intensiva enfocada en el aprendizaje practico. Edicion 294.
Arquitectura .NET - Grupo 295;Clase intensiva enfocada en el aprendizaje practico. Edicion 295.
Diseno UX/UI - Grupo 296;Clase intensiva enfocada en el aprendizaje practico. Edicion 296.
Diseno UX/UI - Grupo 297;Clase intensiva enfocada en el aprendizaje practico. Edicion 297.
Arquitectura .NET - Grupo 298;Clase intensiva enfocada en el aprendizaje practico. Edicion 298.
Desarrollo en C# - Grupo 299;Clase intensiva enfocada en el aprendizaje practico. Edicion 299.
Diseno UX/UI - Grupo 300;Clase intensiva enfocada en el aprendizaje practico. Edicion 300.
Desarrollo en C# - Grupo 301;Clase intensiva enfocada en el aprendizaje practico. Edicion 301.
Frontend con React - Grupo 302;Clase intensiva enfocada en el aprendizaje practico. Edicion 302.
Arquitectura .NET - Grupo 303;Clase intensiva enfocada en el aprendizaje practico. Edicion 303.
DevOps y Cloud - Grupo 304;Clase intensiva enfocada en el aprendizaje practico. Edicion 304.
DevOps y Cloud - Grupo 305;Clase intensiva enfocada en el aprendizaje practico. Edicion 305.
Diseno UX/UI - Grupo 306;Clase intensiva enfocada en el aprendizaje practico. Edicion 306.
Diseno UX/UI - Grupo 307;Clase intensiva enfocada en el aprendizaje practico. Edicion 307.
Arquitectura .NET - Grupo 308;Clase intensiva enfocada en el aprendizaje practico. Edicion 308.
Bases de Datos PostgreSQL - Grupo 309;Clase intensiva enfocada en el aprendizaje practico. Edicion 309.
Diseno UX/UI - Grupo 310;Clase intensiva enfocada en el aprendizaje practico. Edicion 310.
Arquitectura .NET - Grupo 311;Clase intensiva enfocada en el aprendizaje practico. Edicion 311.
Desarrollo en C# - Grupo 312;Clase intensiva enfocada en el aprendizaje practico. Edicion 312.
Diseno UX/UI - Grupo 313;Clase intensiva enfocada en el aprendizaje practico. Edicion 313.
Desarrollo en C# - Grupo 314;Clase intensiva enfocada en el aprendizaje practico. Edicion 314.
Diseno UX/UI - Grupo 315;Clase intensiva enfocada en el aprendizaje practico. Edicion 315.
Frontend con React - Grupo 316;Clase intensiva enfocada en el aprendizaje practico. Edicion 316.
DevOps y Cloud - Grupo 317;Clase intensiva enfocada en el aprendizaje practico. Edicion 317.
Arquitectura .NET - Grupo 318;Clase intensiva enfocada en el aprendizaje practico. Edicion 318.
Frontend con React - Grupo 319;Clase intensiva enfocada en el aprendizaje practico. Edicion 319.
Frontend con React - Grupo 320;Clase intensiva enfocada en el aprendizaje practico. Edicion 320.
DevOps y Cloud - Grupo 321;Clase intensiva enfocada en el aprendizaje practico. Edicion 321.
Desarrollo en C# - Grupo 322;Clase intensiva enfocada en el aprendizaje practico. Edicion 322.
Desarrollo en C# - Grupo 323;Clase intensiva enfocada en el aprendizaje practico. Edicion 323.
Bases de Datos PostgreSQL - Grupo 324;Clase intensiva enfocada en el aprendizaje practico. Edicion 324.
Frontend con React - Grupo 325;Clase intensiva enfocada en el aprendizaje practico. Edicion 325.
Frontend con React - Grupo 326;Clase intensiva enfocada en el aprendizaje practico. Edicion 326.
Desarrollo en C# - Grupo 327;Clase intensiva enfocada en el aprendizaje practico. Edicion 327.
Bases de Datos PostgreSQL - Grupo 328;Clase intensiva enfocada en el aprendizaje practico. Edicion 328.
Bases de Datos PostgreSQL - Grupo 329;Clase intensiva enfocada en el aprendizaje practico. Edicion 329.
Desarrollo en C# - Grupo 330;Clase intensiva enfocada en el aprendizaje practico. Edicion 330.
Diseno UX/UI - Grupo 331;Clase intensiva enfocada en el aprendizaje practico. Edicion 331.
Bases de Datos PostgreSQL - Grupo 332;Clase intensiva enfocada en el aprendizaje practico. Edicion 332.
Desarrollo en C# - Grupo 333;Clase intensiva enfocada en el aprendizaje practico. Edicion 333.
Desarrollo en C# - Grupo 334;Clase intensiva enfocada en el aprendizaje practico. Edicion 334.
Diseno UX/UI - Grupo 335;Clase intensiva enfocada en el aprendizaje practico. Edicion 335.
DevOps y Cloud - Grupo 336;Clase intensiva enfocada en el aprendizaje practico. Edicion 336.
DevOps y Cloud - Grupo 337;Clase intensiva enfocada en el aprendizaje practico. Edicion 337.
Desarrollo en C# - Grupo 338;Clase intensiva enfocada en el aprendizaje practico. Edicion 338.
Frontend con React - Grupo 339;Clase intensiva enfocada en el aprendizaje practico. Edicion 339.
Bases de Datos PostgreSQL - Grupo 340;Clase intensiva enfocada en el aprendizaje practico. Edicion 340.
DevOps y Cloud - Grupo 341;Clase intensiva enfocada en el aprendizaje practico. Edicion 341.
DevOps y Cloud - Grupo 342;Clase intensiva enfocada en el aprendizaje practico. Edicion 342.
Diseno UX/UI - Grupo 343;Clase intensiva enfocada en el aprendizaje practico. Edicion 343.
DevOps y Cloud - Grupo 344;Clase intensiva enfocada en el aprendizaje practico. Edicion 344.
Arquitectura .NET - Grupo 345;Clase intensiva enfocada en el aprendizaje practico. Edicion 345.
Diseno UX/UI - Grupo 346;Clase intensiva enfocada en el aprendizaje practico. Edicion 346.
Bases de Datos PostgreSQL - Grupo 347;Clase intensiva enfocada en el aprendizaje practico. Edicion 347.
Desarrollo en C# - Grupo 348;Clase intensiva enfocada en el aprendizaje practico. Edicion 348.
DevOps y Cloud - Grupo 349;Clase intensiva enfocada en el aprendizaje practico. Edicion 349.
Desarrollo en C# - Grupo 350;Clase intensiva enfocada en el aprendizaje practico. Edicion 350.
Arquitectura .NET - Grupo 351;Clase intensiva enfocada en el aprendizaje practico. Edicion 351.
Frontend con React - Grupo 352;Clase intensiva enfocada en el aprendizaje practico. Edicion 352.
Bases de Datos PostgreSQL - Grupo 353;Clase intensiva enfocada en el aprendizaje practico. Edicion 353.
Frontend con React - Grupo 354;Clase intensiva enfocada en el aprendizaje practico. Edicion 354.
Arquitectura .NET - Grupo 355;Clase intensiva enfocada en el aprendizaje practico. Edicion 355.
Desarrollo en C# - Grupo 356;Clase intensiva enfocada en el aprendizaje practico. Edicion 356.
Frontend con React - Grupo 357;Clase intensiva enfocada en el aprendizaje practico. Edicion 357.
DevOps y Cloud - Grupo 358;Clase intensiva enfocada en el aprendizaje practico. Edicion 358.
Arquitectura .NET - Grupo 359;Clase intensiva enfocada en el aprendizaje practico. Edicion 359.
DevOps y Cloud - Grupo 360;Clase intensiva enfocada en el aprendizaje practico. Edicion 360.
Bases de Datos PostgreSQL - Grupo 361;Clase intensiva enfocada en el aprendizaje practico. Edicion 361.
Desarrollo en C# - Grupo 362;Clase intensiva enfocada en el aprendizaje practico. Edicion 362.
DevOps y Cloud - Grupo 363;Clase intensiva enfocada en el aprendizaje practico. Edicion 363.
DevOps y Cloud - Grupo 364;Clase intensiva enfocada en el aprendizaje practico. Edicion 364.
Desarrollo en C# - Grupo 365;Clase intensiva enfocada en el aprendizaje practico. Edicion 365.
Diseno UX/UI - Grupo 366;Clase intensiva enfocada en el aprendizaje practico. Edicion 366.
DevOps y Cloud - Grupo 367;Clase intensiva enfocada en el aprendizaje practico. Edicion 367.
Desarrollo en C# - Grupo 368;Clase intensiva enfocada en el aprendizaje practico. Edicion 368.
Arquitectura .NET - Grupo 369;Clase intensiva enfocada en el aprendizaje practico. Edicion 369.
Frontend con React - Grupo 370;Clase intensiva enfocada en el aprendizaje practico. Edicion 370.
DevOps y Cloud - Grupo 371;Clase intensiva enfocada en el aprendizaje practico. Edicion 371.
Frontend con React - Grupo 372;Clase intensiva enfocada en el aprendizaje practico. Edicion 372.
Diseno UX/UI - Grupo 373;Clase intensiva enfocada en el aprendizaje practico. Edicion 373.
Desarrollo en C# - Grupo 374;Clase intensiva enfocada en el aprendizaje practico. Edicion 374.
Desarrollo en C# - Grupo 375;Clase intensiva enfocada en el aprendizaje practico. Edicion 375.
Diseno UX/UI - Grupo 376;Clase intensiva enfocada en el aprendizaje practico. Edicion 376.
Bases de Datos PostgreSQL - Grupo 377;Clase intensiva enfocada en el aprendizaje practico. Edicion 377.
Arquitectura .NET - Grupo 378;Clase intensiva enfocada en el aprendizaje practico. Edicion 378.
Diseno UX/UI - Grupo 379;Clase intensiva enfocada en el aprendizaje practico. Edicion 379.
Frontend con React - Grupo 380;Clase intensiva enfocada en el aprendizaje practico. Edicion 380.
DevOps y Cloud - Grupo 381;Clase intensiva enfocada en el aprendizaje practico. Edicion 381.
Diseno UX/UI - Grupo 382;Clase intensiva enfocada en el aprendizaje practico. Edicion 382.
Desarrollo en C# - Grupo 383;Clase intensiva enfocada en el aprendizaje practico. Edicion 383.
DevOps y Cloud - Grupo 384;Clase intensiva enfocada en el aprendizaje practico. Edicion 384.
Bases de Datos PostgreSQL - Grupo 385;Clase intensiva enfocada en el aprendizaje practico. Edicion 385.
Diseno UX/UI - Grupo 386;Clase intensiva enfocada en el aprendizaje practico. Edicion 386.
Diseno UX/UI - Grupo 387;Clase intensiva enfocada en el aprendizaje practico. Edicion 387.
Desarrollo en C# - Grupo 388;Clase intensiva enfocada en el aprendizaje practico. Edicion 388.
Desarrollo en C# - Grupo 389;Clase intensiva enfocada en el aprendizaje practico. Edicion 389.
Frontend con React - Grupo 390;Clase intensiva enfocada en el aprendizaje practico. Edicion 390.
Arquitectura .NET - Grupo 391;Clase intensiva enfocada en el aprendizaje practico. Edicion 391.
Arquitectura .NET - Grupo 392;Clase intensiva enfocada en el aprendizaje practico. Edicion 392.
Arquitectura .NET - Grupo 393;Clase intensiva enfocada en el aprendizaje practico. Edicion 393.
Bases de Datos PostgreSQL - Grupo 394;Clase intensiva enfocada en el aprendizaje practico. Edicion 394.
Bases de Datos PostgreSQL - Grupo 395;Clase intensiva enfocada en el aprendizaje practico. Edicion 395.
Diseno UX/UI - Grupo 396;Clase intensiva enfocada en el aprendizaje practico. Edicion 396.
Desarrollo en C# - Grupo 397;Clase intensiva enfocada en el aprendizaje practico. Edicion 397.
Frontend con React - Grupo 398;Clase intensiva enfocada en el aprendizaje practico. Edicion 398.
Arquitectura .NET - Grupo 399;Clase intensiva enfocada en el aprendizaje practico. Edicion 399.
Frontend con React - Grupo 400;Clase intensiva enfocada en el aprendizaje practico. Edicion 400.
Arquitectura .NET - Grupo 401;Clase intensiva enfocada en el aprendizaje practico. Edicion 401.
Frontend con React - Grupo 402;Clase intensiva enfocada en el aprendizaje practico. Edicion 402.
Frontend con React - Grupo 403;Clase intensiva enfocada en el aprendizaje practico. Edicion 403.
Bases de Datos PostgreSQL - Grupo 404;Clase intensiva enfocada en el aprendizaje practico. Edicion 404.
DevOps y Cloud - Grupo 405;Clase intensiva enfocada en el aprendizaje practico. Edicion 405.
Bases de Datos PostgreSQL - Grupo 406;Clase intensiva enfocada en el aprendizaje practico. Edicion 406.
Desarrollo en C# - Grupo 407;Clase intensiva enfocada en el aprendizaje practico. Edicion 407.
Frontend con React - Grupo 408;Clase intensiva enfocada en el aprendizaje practico. Edicion 408.
Desarrollo en C# - Grupo 409;Clase intensiva enfocada en el aprendizaje practico. Edicion 409.
Arquitectura .NET - Grupo 410;Clase intensiva enfocada en el aprendizaje practico. Edicion 410.
Bases de Datos PostgreSQL - Grupo 411;Clase intensiva enfocada en el aprendizaje practico. Edicion 411.
Desarrollo en C# - Grupo 412;Clase intensiva enfocada en el aprendizaje practico. Edicion 412.
Bases de Datos PostgreSQL - Grupo 413;Clase intensiva enfocada en el aprendizaje practico. Edicion 413.
Desarrollo en C# - Grupo 414;Clase intensiva enfocada en el aprendizaje practico. Edicion 414.
Diseno UX/UI - Grupo 415;Clase intensiva enfocada en el aprendizaje practico. Edicion 415.
Diseno UX/UI - Grupo 416;Clase intensiva enfocada en el aprendizaje practico. Edicion 416.
Diseno UX/UI - Grupo 417;Clase intensiva enfocada en el aprendizaje practico. Edicion 417.
Arquitectura .NET - Grupo 418;Clase intensiva enfocada en el aprendizaje practico. Edicion 418.
Arquitectura .NET - Grupo 419;Clase intensiva enfocada en el aprendizaje practico. Edicion 419.
Bases de Datos PostgreSQL - Grupo 420;Clase intensiva enfocada en el aprendizaje practico. Edicion 420.
Bases de Datos PostgreSQL - Grupo 421;Clase intensiva enfocada en el aprendizaje practico. Edicion 421.
Diseno UX/UI - Grupo 422;Clase intensiva enfocada en el aprendizaje practico. Edicion 422.
Bases de Datos PostgreSQL - Grupo 423;Clase intensiva enfocada en el aprendizaje practico. Edicion 423.
Bases de Datos PostgreSQL - Grupo 424;Clase intensiva enfocada en el aprendizaje practico. Edicion 424.
Arquitectura .NET - Grupo 425;Clase intensiva enfocada en el aprendizaje practico. Edicion 425.
Desarrollo en C# - Grupo 426;Clase intensiva enfocada en el aprendizaje practico. Edicion 426.
Arquitectura .NET - Grupo 427;Clase intensiva enfocada en el aprendizaje practico. Edicion 427.
Diseno UX/UI - Grupo 428;Clase intensiva enfocada en el aprendizaje practico. Edicion 428.
Diseno UX/UI - Grupo 429;Clase intensiva enfocada en el aprendizaje practico. Edicion 429.
Bases de Datos PostgreSQL - Grupo 430;Clase intensiva enfocada en el aprendizaje practico. Edicion 430.
Bases de Datos PostgreSQL - Grupo 431;Clase intensiva enfocada en el aprendizaje practico. Edicion 431.
Arquitectura .NET - Grupo 432;Clase intensiva enfocada en el aprendizaje practico. Edicion 432.
Diseno UX/UI - Grupo 433;Clase intensiva enfocada en el aprendizaje practico. Edicion 433.
Desarrollo en C# - Grupo 434;Clase intensiva enfocada en el aprendizaje practico. Edicion 434.
Desarrollo en C# - Grupo 435;Clase intensiva enfocada en el aprendizaje practico. Edicion 435.
Arquitectura .NET - Grupo 436;Clase intensiva enfocada en el aprendizaje practico. Edicion 436.
Desarrollo en C# - Grupo 437;Clase intensiva enfocada en el aprendizaje practico. Edicion 437.
Diseno UX/UI - Grupo 438;Clase intensiva enfocada en el aprendizaje practico. Edicion 438.
Arquitectura .NET - Grupo 439;Clase intensiva enfocada en el aprendizaje practico. Edicion 439.
Frontend con React - Grupo 440;Clase intensiva enfocada en el aprendizaje practico. Edicion 440.
Diseno UX/UI - Grupo 441;Clase intensiva enfocada en el aprendizaje practico. Edicion 441.
Frontend con React - Grupo 442;Clase intensiva enfocada en el aprendizaje practico. Edicion 442.
DevOps y Cloud - Grupo 443;Clase intensiva enfocada en el aprendizaje practico. Edicion 443.
Diseno UX/UI - Grupo 444;Clase intensiva enfocada en el aprendizaje practico. Edicion 444.
Diseno UX/UI - Grupo 445;Clase intensiva enfocada en el aprendizaje practico. Edicion 445.
Diseno UX/UI - Grupo 446;Clase intensiva enfocada en el aprendizaje practico. Edicion 446.
Desarrollo en C# - Grupo 447;Clase intensiva enfocada en el aprendizaje practico. Edicion 447.
Bases de Datos PostgreSQL - Grupo 448;Clase intensiva enfocada en el aprendizaje practico. Edicion 448.
Arquitectura .NET - Grupo 449;Clase intensiva enfocada en el aprendizaje practico. Edicion 449.
Arquitectura .NET - Grupo 450;Clase intensiva enfocada en el aprendizaje practico. Edicion 450.
Bases de Datos PostgreSQL - Grupo 451;Clase intensiva enfocada en el aprendizaje practico. Edicion 451.
DevOps y Cloud - Grupo 452;Clase intensiva enfocada en el aprendizaje practico. Edicion 452.
Bases de Datos PostgreSQL - Grupo 453;Clase intensiva enfocada en el aprendizaje practico. Edicion 453.
DevOps y Cloud - Grupo 454;Clase intensiva enfocada en el aprendizaje practico. Edicion 454.
DevOps y Cloud - Grupo 455;Clase intensiva enfocada en el aprendizaje practico. Edicion 455.
Bases de Datos PostgreSQL - Grupo 456;Clase intensiva enfocada en el aprendizaje practico. Edicion 456.
DevOps y Cloud - Grupo 457;Clase intensiva enfocada en el aprendizaje practico. Edicion 457.
Arquitectura .NET - Grupo 458;Clase intensiva enfocada en el aprendizaje practico. Edicion 458.
DevOps y Cloud - Grupo 459;Clase intensiva enfocada en el aprendizaje practico. Edicion 459.
Diseno UX/UI - Grupo 460;Clase intensiva enfocada en el aprendizaje practico. Edicion 460.
Frontend con React - Grupo 461;Clase intensiva enfocada en el aprendizaje practico. Edicion 461.
DevOps y Cloud - Grupo 462;Clase intensiva enfocada en el aprendizaje practico. Edicion 462.
Arquitectura .NET - Grupo 463;Clase intensiva enfocada en el aprendizaje practico. Edicion 463.
Diseno UX/UI - Grupo 464;Clase intensiva enfocada en el aprendizaje practico. Edicion 464.
Desarrollo en C# - Grupo 465;Clase intensiva enfocada en el aprendizaje practico. Edicion 465.
Diseno UX/UI - Grupo 466;Clase intensiva enfocada en el aprendizaje practico. Edicion 466.
Frontend con React - Grupo 467;Clase intensiva enfocada en el aprendizaje practico. Edicion 467.
Bases de Datos PostgreSQL - Grupo 468;Clase intensiva enfocada en el aprendizaje practico. Edicion 468.
Frontend con React - Grupo 469;Clase intensiva enfocada en el aprendizaje practico. Edicion 469.
Bases de Datos PostgreSQL - Grupo 470;Clase intensiva enfocada en el aprendizaje practico. Edicion 470.
Frontend con React - Grupo 471;Clase intensiva enfocada en el aprendizaje practico. Edicion 471.
Desarrollo en C# - Grupo 472;Clase intensiva enfocada en el aprendizaje practico. Edicion 472.
Bases de Datos PostgreSQL - Grupo 473;Clase intensiva enfocada en el aprendizaje practico. Edicion 473.
Bases de Datos PostgreSQL - Grupo 474;Clase intensiva enfocada en el aprendizaje practico. Edicion 474.
Bases de Datos PostgreSQL - Grupo 475;Clase intensiva enfocada en el aprendizaje practico. Edicion 475.
Frontend con React - Grupo 476;Clase intensiva enfocada en el aprendizaje practico. Edicion 476.
Diseno UX/UI - Grupo 477;Clase intensiva enfocada en el aprendizaje practico. Edicion 477.
Desarrollo en C# - Grupo 478;Clase intensiva enfocada en el aprendizaje practico. Edicion 478.
Frontend con React - Grupo 479;Clase intensiva enfocada en el aprendizaje practico. Edicion 479.
Diseno UX/UI - Grupo 480;Clase intensiva enfocada en el aprendizaje practico. Edicion 480.
DevOps y Cloud - Grupo 481;Clase intensiva enfocada en el aprendizaje practico. Edicion 481.
DevOps y Cloud - Grupo 482;Clase intensiva enfocada en el aprendizaje practico. Edicion 482.
Diseno UX/UI - Grupo 483;Clase intensiva enfocada en el aprendizaje practico. Edicion 483.
Frontend con React - Grupo 484;Clase intensiva enfocada en el aprendizaje practico. Edicion 484.
Arquitectura .NET - Grupo 485;Clase intensiva enfocada en el aprendizaje practico. Edicion 485.
Diseno UX/UI - Grupo 486;Clase intensiva enfocada en el aprendizaje practico. Edicion 486.
Diseno UX/UI - Grupo 487;Clase intensiva enfocada en el aprendizaje practico. Edicion 487.
Desarrollo en C# - Grupo 488;Clase intensiva enfocada en el aprendizaje practico. Edicion 488.
DevOps y Cloud - Grupo 489;Clase intensiva enfocada en el aprendizaje practico. Edicion 489.
Bases de Datos PostgreSQL - Grupo 490;Clase intensiva enfocada en el aprendizaje practico. Edicion 490.
Arquitectura .NET - Grupo 491;Clase intensiva enfocada en el aprendizaje practico. Edicion 491.
Desarrollo en C# - Grupo 492;Clase intensiva enfocada en el aprendizaje practico. Edicion 492.
Frontend con React - Grupo 493;Clase intensiva enfocada en el aprendizaje practico. Edicion 493.
DevOps y Cloud - Grupo 494;Clase intensiva enfocada en el aprendizaje practico. Edicion 494.
Frontend con React - Grupo 495;Clase intensiva enfocada en el aprendizaje practico. Edicion 495.
Arquitectura .NET - Grupo 496;Clase intensiva enfocada en el aprendizaje practico. Edicion 496.
Diseno UX/UI - Grupo 497;Clase intensiva enfocada en el aprendizaje practico. Edicion 497.
Frontend con React - Grupo 498;Clase intensiva enfocada en el aprendizaje practico. Edicion 498.
Diseno UX/UI - Grupo 499;Clase intensiva enfocada en el aprendizaje practico. Edicion 499.
Frontend con React - Grupo 500;Clase intensiva enfocada en el aprendizaje practico. Edicion 500.
DevOps y Cloud - Grupo 501;Clase intensiva enfocada en el aprendizaje practico. Edicion 501.
Diseno UX/UI - Grupo 502;Clase intensiva enfocada en el aprendizaje practico. Edicion 502.
Desarrollo en C# - Grupo 503;Clase intensiva enfocada en el aprendizaje practico. Edicion 503.
Frontend con React - Grupo 504;Clase intensiva enfocada en el aprendizaje practico. Edicion 504.
Bases de Datos PostgreSQL - Grupo 505;Clase intensiva enfocada en el aprendizaje practico. Edicion 505.
Bases de Datos PostgreSQL - Grupo 506;Clase intensiva enfocada en el aprendizaje practico. Edicion 506.
Bases de Datos PostgreSQL - Grupo 507;Clase intensiva enfocada en el aprendizaje practico. Edicion 507.
Desarrollo en C# - Grupo 508;Clase intensiva enfocada en el aprendizaje practico. Edicion 508.
Arquitectura .NET - Grupo 509;Clase intensiva enfocada en el aprendizaje practico. Edicion 509.
Arquitectura .NET - Grupo 510;Clase intensiva enfocada en el aprendizaje practico. Edicion 510.
Frontend con React - Grupo 511;Clase intensiva enfocada en el aprendizaje practico. Edicion 511.
Frontend con React - Grupo 512;Clase intensiva enfocada en el aprendizaje practico. Edicion 512.
Arquitectura .NET - Grupo 513;Clase intensiva enfocada en el aprendizaje practico. Edicion 513.
DevOps y Cloud - Grupo 514;Clase intensiva enfocada en el aprendizaje practico. Edicion 514.
Bases de Datos PostgreSQL - Grupo 515;Clase intensiva enfocada en el aprendizaje practico. Edicion 515.
Frontend con React - Grupo 516;Clase intensiva enfocada en el aprendizaje practico. Edicion 516.
Diseno UX/UI - Grupo 517;Clase intensiva enfocada en el aprendizaje practico. Edicion 517.
Arquitectura .NET - Grupo 518;Clase intensiva enfocada en el aprendizaje practico. Edicion 518.
Bases de Datos PostgreSQL - Grupo 519;Clase intensiva enfocada en el aprendizaje practico. Edicion 519.
Diseno UX/UI - Grupo 520;Clase intensiva enfocada en el aprendizaje practico. Edicion 520.
Desarrollo en C# - Grupo 521;Clase intensiva enfocada en el aprendizaje practico. Edicion 521.
Diseno UX/UI - Grupo 522;Clase intensiva enfocada en el aprendizaje practico. Edicion 522.
Diseno UX/UI - Grupo 523;Clase intensiva enfocada en el aprendizaje practico. Edicion 523.
Frontend con React - Grupo 524;Clase intensiva enfocada en el aprendizaje practico. Edicion 524.
Diseno UX/UI - Grupo 525;Clase intensiva enfocada en el aprendizaje practico. Edicion 525.
Desarrollo en C# - Grupo 526;Clase intensiva enfocada en el aprendizaje practico. Edicion 526.
Arquitectura .NET - Grupo 527;Clase intensiva enfocada en el aprendizaje practico. Edicion 527.
Diseno UX/UI - Grupo 528;Clase intensiva enfocada en el aprendizaje practico. Edicion 528.
Desarrollo en C# - Grupo 529;Clase intensiva enfocada en el aprendizaje practico. Edicion 529.
Desarrollo en C# - Grupo 530;Clase intensiva enfocada en el aprendizaje practico. Edicion 530.
Desarrollo en C# - Grupo 531;Clase intensiva enfocada en el aprendizaje practico. Edicion 531.
Bases de Datos PostgreSQL - Grupo 532;Clase intensiva enfocada en el aprendizaje practico. Edicion 532.
Desarrollo en C# - Grupo 533;Clase intensiva enfocada en el aprendizaje practico. Edicion 533.
Bases de Datos PostgreSQL - Grupo 534;Clase intensiva enfocada en el aprendizaje practico. Edicion 534.
Diseno UX/UI - Grupo 535;Clase intensiva enfocada en el aprendizaje practico. Edicion 535.
Bases de Datos PostgreSQL - Grupo 536;Clase intensiva enfocada en el aprendizaje practico. Edicion 536.
Frontend con React - Grupo 537;Clase intensiva enfocada en el aprendizaje practico. Edicion 537.
Diseno UX/UI - Grupo 538;Clase intensiva enfocada en el aprendizaje practico. Edicion 538.
Bases de Datos PostgreSQL - Grupo 539;Clase intensiva enfocada en el aprendizaje practico. Edicion 539.
Arquitectura .NET - Grupo 540;Clase intensiva enfocada en el aprendizaje practico. Edicion 540.
DevOps y Cloud - Grupo 541;Clase intensiva enfocada en el aprendizaje practico. Edicion 541.
DevOps y Cloud - Grupo 542;Clase intensiva enfocada en el aprendizaje practico. Edicion 542.
DevOps y Cloud - Grupo 543;Clase intensiva enfocada en el aprendizaje practico. Edicion 543.
Frontend con React - Grupo 544;Clase intensiva enfocada en el aprendizaje practico. Edicion 544.
Arquitectura .NET - Grupo 545;Clase intensiva enfocada en el aprendizaje practico. Edicion 545.
Desarrollo en C# - Grupo 546;Clase intensiva enfocada en el aprendizaje practico. Edicion 546.
DevOps y Cloud - Grupo 547;Clase intensiva enfocada en el aprendizaje practico. Edicion 547.
Bases de Datos PostgreSQL - Grupo 548;Clase intensiva enfocada en el aprendizaje practico. Edicion 548.
Bases de Datos PostgreSQL - Grupo 549;Clase intensiva enfocada en el aprendizaje practico. Edicion 549.
Diseno UX/UI - Grupo 550;Clase intensiva enfocada en el aprendizaje practico. Edicion 550.
Arquitectura .NET - Grupo 551;Clase intensiva enfocada en el aprendizaje practico. Edicion 551.
Desarrollo en C# - Grupo 552;Clase intensiva enfocada en el aprendizaje practico. Edicion 552.
Arquitectura .NET - Grupo 553;Clase intensiva enfocada en el aprendizaje practico. Edicion 553.
DevOps y Cloud - Grupo 554;Clase intensiva enfocada en el aprendizaje practico. Edicion 554.
Arquitectura .NET - Grupo 555;Clase intensiva enfocada en el aprendizaje practico. Edicion 555.
DevOps y Cloud - Grupo 556;Clase intensiva enfocada en el aprendizaje practico. Edicion 556.
Frontend con React - Grupo 557;Clase intensiva enfocada en el aprendizaje practico. Edicion 557.
DevOps y Cloud - Grupo 558;Clase intensiva enfocada en el aprendizaje practico. Edicion 558.
Bases de Datos PostgreSQL - Grupo 559;Clase intensiva enfocada en el aprendizaje practico. Edicion 559.
Arquitectura .NET - Grupo 560;Clase intensiva enfocada en el aprendizaje practico. Edicion 560.
Bases de Datos PostgreSQL - Grupo 561;Clase intensiva enfocada en el aprendizaje practico. Edicion 561.
Desarrollo en C# - Grupo 562;Clase intensiva enfocada en el aprendizaje practico. Edicion 562.
Diseno UX/UI - Grupo 563;Clase intensiva enfocada en el aprendizaje practico. Edicion 563.
Desarrollo en C# - Grupo 564;Clase intensiva enfocada en el aprendizaje practico. Edicion 564.
Desarrollo en C# - Grupo 565;Clase intensiva enfocada en el aprendizaje practico. Edicion 565.
Frontend con React - Grupo 566;Clase intensiva enfocada en el aprendizaje practico. Edicion 566.
Frontend con React - Grupo 567;Clase intensiva enfocada en el aprendizaje practico. Edicion 567.
DevOps y Cloud - Grupo 568;Clase intensiva enfocada en el aprendizaje practico. Edicion 568.
Frontend con React - Grupo 569;Clase intensiva enfocada en el aprendizaje practico. Edicion 569.
Desarrollo en C# - Grupo 570;Clase intensiva enfocada en el aprendizaje practico. Edicion 570.
Frontend con React - Grupo 571;Clase intensiva enfocada en el aprendizaje practico. Edicion 571.
Desarrollo en C# - Grupo 572;Clase intensiva enfocada en el aprendizaje practico. Edicion 572.
Arquitectura .NET - Grupo 573;Clase intensiva enfocada en el aprendizaje practico. Edicion 573.
Arquitectura .NET - Grupo 574;Clase intensiva enfocada en el aprendizaje practico. Edicion 574.
Desarrollo en C# - Grupo 575;Clase intensiva enfocada en el aprendizaje practico. Edicion 575.
Diseno UX/UI - Grupo 576;Clase intensiva enfocada en el aprendizaje practico. Edicion 576.
Diseno UX/UI - Grupo 577;Clase intensiva enfocada en el aprendizaje practico. Edicion 577.
Arquitectura .NET - Grupo 578;Clase intensiva enfocada en el aprendizaje practico. Edicion 578.
Arquitectura .NET - Grupo 579;Clase intensiva enfocada en el aprendizaje practico. Edicion 579.
Desarrollo en C# - Grupo 580;Clase intensiva enfocada en el aprendizaje practico. Edicion 580.
Bases de Datos PostgreSQL - Grupo 581;Clase intensiva enfocada en el aprendizaje practico. Edicion 581.
Diseno UX/UI - Grupo 582;Clase intensiva enfocada en el aprendizaje practico. Edicion 582.
Diseno UX/UI - Grupo 583;Clase intensiva enfocada en el aprendizaje practico. Edicion 583.
Arquitectura .NET - Grupo 584;Clase intensiva enfocada en el aprendizaje practico. Edicion 584.
Desarrollo en C# - Grupo 585;Clase intensiva enfocada en el aprendizaje practico. Edicion 585.
Bases de Datos PostgreSQL - Grupo 586;Clase intensiva enfocada en el aprendizaje practico. Edicion 586.
Bases de Datos PostgreSQL - Grupo 587;Clase intensiva enfocada en el aprendizaje practico. Edicion 587.
Diseno UX/UI - Grupo 588;Clase intensiva enfocada en el aprendizaje practico. Edicion 588.
Diseno UX/UI - Grupo 589;Clase intensiva enfocada en el aprendizaje practico. Edicion 589.
Frontend con React - Grupo 590;Clase intensiva enfocada en el aprendizaje practico. Edicion 590.
Desarrollo en C# - Grupo 591;Clase intensiva enfocada en el aprendizaje practico. Edicion 591.
Frontend con React - Grupo 592;Clase intensiva enfocada en el aprendizaje practico. Edicion 592.
Arquitectura .NET - Grupo 593;Clase intensiva enfocada en el aprendizaje practico. Edicion 593.
Desarrollo en C# - Grupo 594;Clase intensiva enfocada en el aprendizaje practico. Edicion 594.
Bases de Datos PostgreSQL - Grupo 595;Clase intensiva enfocada en el aprendizaje practico. Edicion 595.
Bases de Datos PostgreSQL - Grupo 596;Clase intensiva enfocada en el aprendizaje practico. Edicion 596.
Frontend con React - Grupo 597;Clase intensiva enfocada en el aprendizaje practico. Edicion 597.
Diseno UX/UI - Grupo 598;Clase intensiva enfocada en el aprendizaje practico. Edicion 598.
Desarrollo en C# - Grupo 599;Clase intensiva enfocada en el aprendizaje practico. Edicion 599.
Desarrollo en C# - Grupo 600;Clase intensiva enfocada en el aprendizaje practico. Edicion 600.
DevOps y Cloud - Grupo 601;Clase intensiva enfocada en el aprendizaje practico. Edicion 601.
Desarrollo en C# - Grupo 602;Clase intensiva enfocada en el aprendizaje practico. Edicion 602.
Diseno UX/UI - Grupo 603;Clase intensiva enfocada en el aprendizaje practico. Edicion 603.
DevOps y Cloud - Grupo 604;Clase intensiva enfocada en el aprendizaje practico. Edicion 604.
Desarrollo en C# - Grupo 605;Clase intensiva enfocada en el aprendizaje practico. Edicion 605.
Frontend con React - Grupo 606;Clase intensiva enfocada en el aprendizaje practico. Edicion 606.
Diseno UX/UI - Grupo 607;Clase intensiva enfocada en el aprendizaje practico. Edicion 607.
Frontend con React - Grupo 608;Clase intensiva enfocada en el aprendizaje practico. Edicion 608.
DevOps y Cloud - Grupo 609;Clase intensiva enfocada en el aprendizaje practico. Edicion 609.
Arquitectura .NET - Grupo 610;Clase intensiva enfocada en el aprendizaje practico. Edicion 610.
Desarrollo en C# - Grupo 611;Clase intensiva enfocada en el aprendizaje practico. Edicion 611.
Frontend con React - Grupo 612;Clase intensiva enfocada en el aprendizaje practico. Edicion 612.
DevOps y Cloud - Grupo 613;Clase intensiva enfocada en el aprendizaje practico. Edicion 613.
DevOps y Cloud - Grupo 614;Clase intensiva enfocada en el aprendizaje practico. Edicion 614.
Bases de Datos PostgreSQL - Grupo 615;Clase intensiva enfocada en el aprendizaje practico. Edicion 615.
Bases de Datos PostgreSQL - Grupo 616;Clase intensiva enfocada en el aprendizaje practico. Edicion 616.
Bases de Datos PostgreSQL - Grupo 617;Clase intensiva enfocada en el aprendizaje practico. Edicion 617.
Bases de Datos PostgreSQL - Grupo 618;Clase intensiva enfocada en el aprendizaje practico. Edicion 618.
Bases de Datos PostgreSQL - Grupo 619;Clase intensiva enfocada en el aprendizaje practico. Edicion 619.
Diseno UX/UI - Grupo 620;Clase intensiva enfocada en el aprendizaje practico. Edicion 620.
Diseno UX/UI - Grupo 621;Clase intensiva enfocada en el aprendizaje practico. Edicion 621.
DevOps y Cloud - Grupo 622;Clase intensiva enfocada en el aprendizaje practico. Edicion 622.
Diseno UX/UI - Grupo 623;Clase intensiva enfocada en el aprendizaje practico. Edicion 623.
Desarrollo en C# - Grupo 624;Clase intensiva enfocada en el aprendizaje practico. Edicion 624.
Diseno UX/UI - Grupo 625;Clase intensiva enfocada en el aprendizaje practico. Edicion 625.
Desarrollo en C# - Grupo 626;Clase intensiva enfocada en el aprendizaje practico. Edicion 626.
DevOps y Cloud - Grupo 627;Clase intensiva enfocada en el aprendizaje practico. Edicion 627.
Arquitectura .NET - Grupo 628;Clase intensiva enfocada en el aprendizaje practico. Edicion 628.
Arquitectura .NET - Grupo 629;Clase intensiva enfocada en el aprendizaje practico. Edicion 629.
Diseno UX/UI - Grupo 630;Clase intensiva enfocada en el aprendizaje practico. Edicion 630.
Bases de Datos PostgreSQL - Grupo 631;Clase intensiva enfocada en el aprendizaje practico. Edicion 631.
Diseno UX/UI - Grupo 632;Clase intensiva enfocada en el aprendizaje practico. Edicion 632.
Bases de Datos PostgreSQL - Grupo 633;Clase intensiva enfocada en el aprendizaje practico. Edicion 633.
Frontend con React - Grupo 634;Clase intensiva enfocada en el aprendizaje practico. Edicion 634.
Desarrollo en C# - Grupo 635;Clase intensiva enfocada en el aprendizaje practico. Edicion 635.
Diseno UX/UI - Grupo 636;Clase intensiva enfocada en el aprendizaje practico. Edicion 636.
Bases de Datos PostgreSQL - Grupo 637;Clase intensiva enfocada en el aprendizaje practico. Edicion 637.
Diseno UX/UI - Grupo 638;Clase intensiva enfocada en el aprendizaje practico. Edicion 638.
Frontend con React - Grupo 639;Clase intensiva enfocada en el aprendizaje practico. Edicion 639.
Diseno UX/UI - Grupo 640;Clase intensiva enfocada en el aprendizaje practico. Edicion 640.
DevOps y Cloud - Grupo 641;Clase intensiva enfocada en el aprendizaje practico. Edicion 641.
Bases de Datos PostgreSQL - Grupo 642;Clase intensiva enfocada en el aprendizaje practico. Edicion 642.
Arquitectura .NET - Grupo 643;Clase intensiva enfocada en el aprendizaje practico. Edicion 643.
Bases de Datos PostgreSQL - Grupo 644;Clase intensiva enfocada en el aprendizaje practico. Edicion 644.
Frontend con React - Grupo 645;Clase intensiva enfocada en el aprendizaje practico. Edicion 645.
Arquitectura .NET - Grupo 646;Clase intensiva enfocada en el aprendizaje practico. Edicion 646.
Diseno UX/UI - Grupo 647;Clase intensiva enfocada en el aprendizaje practico. Edicion 647.
DevOps y Cloud - Grupo 648;Clase intensiva enfocada en el aprendizaje practico. Edicion 648.
Diseno UX/UI - Grupo 649;Clase intensiva enfocada en el aprendizaje practico. Edicion 649.
DevOps y Cloud - Grupo 650;Clase intensiva enfocada en el aprendizaje practico. Edicion 650.
Diseno UX/UI - Grupo 651;Clase intensiva enfocada en el aprendizaje practico. Edicion 651.
Bases de Datos PostgreSQL - Grupo 652;Clase intensiva enfocada en el aprendizaje practico. Edicion 652.
Arquitectura .NET - Grupo 653;Clase intensiva enfocada en el aprendizaje practico. Edicion 653.
Diseno UX/UI - Grupo 654;Clase intensiva enfocada en el aprendizaje practico. Edicion 654.
Frontend con React - Grupo 655;Clase intensiva enfocada en el aprendizaje practico. Edicion 655.
Bases de Datos PostgreSQL - Grupo 656;Clase intensiva enfocada en el aprendizaje practico. Edicion 656.
Desarrollo en C# - Grupo 657;Clase intensiva enfocada en el aprendizaje practico. Edicion 657.
Frontend con React - Grupo 658;Clase intensiva enfocada en el aprendizaje practico. Edicion 658.
DevOps y Cloud - Grupo 659;Clase intensiva enfocada en el aprendizaje practico. Edicion 659.
Frontend con React - Grupo 660;Clase intensiva enfocada en el aprendizaje practico. Edicion 660.
DevOps y Cloud - Grupo 661;Clase intensiva enfocada en el aprendizaje practico. Edicion 661.
DevOps y Cloud - Grupo 662;Clase intensiva enfocada en el aprendizaje practico. Edicion 662.
Desarrollo en C# - Grupo 663;Clase intensiva enfocada en el aprendizaje practico. Edicion 663.
Desarrollo en C# - Grupo 664;Clase intensiva enfocada en el aprendizaje practico. Edicion 664.
Frontend con React - Grupo 665;Clase intensiva enfocada en el aprendizaje practico. Edicion 665.
DevOps y Cloud - Grupo 666;Clase intensiva enfocada en el aprendizaje practico. Edicion 666.
Frontend con React - Grupo 667;Clase intensiva enfocada en el aprendizaje practico. Edicion 667.
Arquitectura .NET - Grupo 668;Clase intensiva enfocada en el aprendizaje practico. Edicion 668.
DevOps y Cloud - Grupo 669;Clase intensiva enfocada en el aprendizaje practico. Edicion 669.
Arquitectura .NET - Grupo 670;Clase intensiva enfocada en el aprendizaje practico. Edicion 670.
Arquitectura .NET - Grupo 671;Clase intensiva enfocada en el aprendizaje practico. Edicion 671.
Desarrollo en C# - Grupo 672;Clase intensiva enfocada en el aprendizaje practico. Edicion 672.
Frontend con React - Grupo 673;Clase intensiva enfocada en el aprendizaje practico. Edicion 673.
Desarrollo en C# - Grupo 674;Clase intensiva enfocada en el aprendizaje practico. Edicion 674.
Diseno UX/UI - Grupo 675;Clase intensiva enfocada en el aprendizaje practico. Edicion 675.
Diseno UX/UI - Grupo 676;Clase intensiva enfocada en el aprendizaje practico. Edicion 676.
DevOps y Cloud - Grupo 677;Clase intensiva enfocada en el aprendizaje practico. Edicion 677.
Bases de Datos PostgreSQL - Grupo 678;Clase intensiva enfocada en el aprendizaje practico. Edicion 678.
DevOps y Cloud - Grupo 679;Clase intensiva enfocada en el aprendizaje practico. Edicion 679.
DevOps y Cloud - Grupo 680;Clase intensiva enfocada en el aprendizaje practico. Edicion 680.
Desarrollo en C# - Grupo 681;Clase intensiva enfocada en el aprendizaje practico. Edicion 681.
Arquitectura .NET - Grupo 682;Clase intensiva enfocada en el aprendizaje practico. Edicion 682.
Arquitectura .NET - Grupo 683;Clase intensiva enfocada en el aprendizaje practico. Edicion 683.
Arquitectura .NET - Grupo 684;Clase intensiva enfocada en el aprendizaje practico. Edicion 684.
Bases de Datos PostgreSQL - Grupo 685;Clase intensiva enfocada en el aprendizaje practico. Edicion 685.
Diseno UX/UI - Grupo 686;Clase intensiva enfocada en el aprendizaje practico. Edicion 686.
Frontend con React - Grupo 687;Clase intensiva enfocada en el aprendizaje practico. Edicion 687.
Frontend con React - Grupo 688;Clase intensiva enfocada en el aprendizaje practico. Edicion 688.
DevOps y Cloud - Grupo 689;Clase intensiva enfocada en el aprendizaje practico. Edicion 689.
Bases de Datos PostgreSQL - Grupo 690;Clase intensiva enfocada en el aprendizaje practico. Edicion 690.
DevOps y Cloud - Grupo 691;Clase intensiva enfocada en el aprendizaje practico. Edicion 691.
DevOps y Cloud - Grupo 692;Clase intensiva enfocada en el aprendizaje practico. Edicion 692.
Frontend con React - Grupo 693;Clase intensiva enfocada en el aprendizaje practico. Edicion 693.
Desarrollo en C# - Grupo 694;Clase intensiva enfocada en el aprendizaje practico. Edicion 694.
DevOps y Cloud - Grupo 695;Clase intensiva enfocada en el aprendizaje practico. Edicion 695.
DevOps y Cloud - Grupo 696;Clase intensiva enfocada en el aprendizaje practico. Edicion 696.
Bases de Datos PostgreSQL - Grupo 697;Clase intensiva enfocada en el aprendizaje practico. Edicion 697.
Bases de Datos PostgreSQL - Grupo 698;Clase intensiva enfocada en el aprendizaje practico. Edicion 698.
Diseno UX/UI - Grupo 699;Clase intensiva enfocada en el aprendizaje practico. Edicion 699.
Bases de Datos PostgreSQL - Grupo 700;Clase intensiva enfocada en el aprendizaje practico. Edicion 700.
DevOps y Cloud - Grupo 701;Clase intensiva enfocada en el aprendizaje practico. Edicion 701.
DevOps y Cloud - Grupo 702;Clase intensiva enfocada en el aprendizaje practico. Edicion 702.
Arquitectura .NET - Grupo 703;Clase intensiva enfocada en el aprendizaje practico. Edicion 703.
Arquitectura .NET - Grupo 704;Clase intensiva enfocada en el aprendizaje practico. Edicion 704.
Bases de Datos PostgreSQL - Grupo 705;Clase intensiva enfocada en el aprendizaje practico. Edicion 705.
Frontend con React - Grupo 706;Clase intensiva enfocada en el aprendizaje practico. Edicion 706.
Desarrollo en C# - Grupo 707;Clase intensiva enfocada en el aprendizaje practico. Edicion 707.
Bases de Datos PostgreSQL - Grupo 708;Clase intensiva enfocada en el aprendizaje practico. Edicion 708.
Frontend con React - Grupo 709;Clase intensiva enfocada en el aprendizaje practico. Edicion 709.
Diseno UX/UI - Grupo 710;Clase intensiva enfocada en el aprendizaje practico. Edicion 710.
DevOps y Cloud - Grupo 711;Clase intensiva enfocada en el aprendizaje practico. Edicion 711.
Arquitectura .NET - Grupo 712;Clase intensiva enfocada en el aprendizaje practico. Edicion 712.
DevOps y Cloud - Grupo 713;Clase intensiva enfocada en el aprendizaje practico. Edicion 713.
Desarrollo en C# - Grupo 714;Clase intensiva enfocada en el aprendizaje practico. Edicion 714.
DevOps y Cloud - Grupo 715;Clase intensiva enfocada en el aprendizaje practico. Edicion 715.
Diseno UX/UI - Grupo 716;Clase intensiva enfocada en el aprendizaje practico. Edicion 716.
Frontend con React - Grupo 717;Clase intensiva enfocada en el aprendizaje practico. Edicion 717.
Desarrollo en C# - Grupo 718;Clase intensiva enfocada en el aprendizaje practico. Edicion 718.
Frontend con React - Grupo 719;Clase intensiva enfocada en el aprendizaje practico. Edicion 719.
Arquitectura .NET - Grupo 720;Clase intensiva enfocada en el aprendizaje practico. Edicion 720.
Bases de Datos PostgreSQL - Grupo 721;Clase intensiva enfocada en el aprendizaje practico. Edicion 721.
DevOps y Cloud - Grupo 722;Clase intensiva enfocada en el aprendizaje practico. Edicion 722.
Arquitectura .NET - Grupo 723;Clase intensiva enfocada en el aprendizaje practico. Edicion 723.
Frontend con React - Grupo 724;Clase intensiva enfocada en el aprendizaje practico. Edicion 724.
Bases de Datos PostgreSQL - Grupo 725;Clase intensiva enfocada en el aprendizaje practico. Edicion 725.
Desarrollo en C# - Grupo 726;Clase intensiva enfocada en el aprendizaje practico. Edicion 726.
Bases de Datos PostgreSQL - Grupo 727;Clase intensiva enfocada en el aprendizaje practico. Edicion 727.
Desarrollo en C# - Grupo 728;Clase intensiva enfocada en el aprendizaje practico. Edicion 728.
Bases de Datos PostgreSQL - Grupo 729;Clase intensiva enfocada en el aprendizaje practico. Edicion 729.
Diseno UX/UI - Grupo 730;Clase intensiva enfocada en el aprendizaje practico. Edicion 730.
Bases de Datos PostgreSQL - Grupo 731;Clase intensiva enfocada en el aprendizaje practico. Edicion 731.
Arquitectura .NET - Grupo 732;Clase intensiva enfocada en el aprendizaje practico. Edicion 732.
Diseno UX/UI - Grupo 733;Clase intensiva enfocada en el aprendizaje practico. Edicion 733.
DevOps y Cloud - Grupo 734;Clase intensiva enfocada en el aprendizaje practico. Edicion 734.
Desarrollo en C# - Grupo 735;Clase intensiva enfocada en el aprendizaje practico. Edicion 735.
Bases de Datos PostgreSQL - Grupo 736;Clase intensiva enfocada en el aprendizaje practico. Edicion 736.
Desarrollo en C# - Grupo 737;Clase intensiva enfocada en el aprendizaje practico. Edicion 737.
DevOps y Cloud - Grupo 738;Clase intensiva enfocada en el aprendizaje practico. Edicion 738.
Frontend con React - Grupo 739;Clase intensiva enfocada en el aprendizaje practico. Edicion 739.
Diseno UX/UI - Grupo 740;Clase intensiva enfocada en el aprendizaje practico. Edicion 740.
Bases de Datos PostgreSQL - Grupo 741;Clase intensiva enfocada en el aprendizaje practico. Edicion 741.
Diseno UX/UI - Grupo 742;Clase intensiva enfocada en el aprendizaje practico. Edicion 742.
Desarrollo en C# - Grupo 743;Clase intensiva enfocada en el aprendizaje practico. Edicion 743.
Desarrollo en C# - Grupo 744;Clase intensiva enfocada en el aprendizaje practico. Edicion 744.
Arquitectura .NET - Grupo 745;Clase intensiva enfocada en el aprendizaje practico. Edicion 745.
Frontend con React - Grupo 746;Clase intensiva enfocada en el aprendizaje practico. Edicion 746.
DevOps y Cloud - Grupo 747;Clase intensiva enfocada en el aprendizaje practico. Edicion 747.
Diseno UX/UI - Grupo 748;Clase intensiva enfocada en el aprendizaje practico. Edicion 748.
Desarrollo en C# - Grupo 749;Clase intensiva enfocada en el aprendizaje practico. Edicion 749.
Desarrollo en C# - Grupo 750;Clase intensiva enfocada en el aprendizaje practico. Edicion 750.
DevOps y Cloud - Grupo 751;Clase intensiva enfocada en el aprendizaje practico. Edicion 751.
Arquitectura .NET - Grupo 752;Clase intensiva enfocada en el aprendizaje practico. Edicion 752.
Frontend con React - Grupo 753;Clase intensiva enfocada en el aprendizaje practico. Edicion 753.
Arquitectura .NET - Grupo 754;Clase intensiva enfocada en el aprendizaje practico. Edicion 754.
Diseno UX/UI - Grupo 755;Clase intensiva enfocada en el aprendizaje practico. Edicion 755.
Arquitectura .NET - Grupo 756;Clase intensiva enfocada en el aprendizaje practico. Edicion 756.
Desarrollo en C# - Grupo 757;Clase intensiva enfocada en el aprendizaje practico. Edicion 757.
Desarrollo en C# - Grupo 758;Clase intensiva enfocada en el aprendizaje practico. Edicion 758.
Frontend con React - Grupo 759;Clase intensiva enfocada en el aprendizaje practico. Edicion 759.
Frontend con React - Grupo 760;Clase intensiva enfocada en el aprendizaje practico. Edicion 760.
Frontend con React - Grupo 761;Clase intensiva enfocada en el aprendizaje practico. Edicion 761.
Bases de Datos PostgreSQL - Grupo 762;Clase intensiva enfocada en el aprendizaje practico. Edicion 762.
Frontend con React - Grupo 763;Clase intensiva enfocada en el aprendizaje practico. Edicion 763.
Frontend con React - Grupo 764;Clase intensiva enfocada en el aprendizaje practico. Edicion 764.
Arquitectura .NET - Grupo 765;Clase intensiva enfocada en el aprendizaje practico. Edicion 765.
DevOps y Cloud - Grupo 766;Clase intensiva enfocada en el aprendizaje practico. Edicion 766.
Desarrollo en C# - Grupo 767;Clase intensiva enfocada en el aprendizaje practico. Edicion 767.
Arquitectura .NET - Grupo 768;Clase intensiva enfocada en el aprendizaje practico. Edicion 768.
Diseno UX/UI - Grupo 769;Clase intensiva enfocada en el aprendizaje practico. Edicion 769.
DevOps y Cloud - Grupo 770;Clase intensiva enfocada en el aprendizaje practico. Edicion 770.
Frontend con React - Grupo 771;Clase intensiva enfocada en el aprendizaje practico. Edicion 771.
Arquitectura .NET - Grupo 772;Clase intensiva enfocada en el aprendizaje practico. Edicion 772.
Arquitectura .NET - Grupo 773;Clase intensiva enfocada en el aprendizaje practico. Edicion 773.
Arquitectura .NET - Grupo 774;Clase intensiva enfocada en el aprendizaje practico. Edicion 774.
Frontend con React - Grupo 775;Clase intensiva enfocada en el aprendizaje practico. Edicion 775.
DevOps y Cloud - Grupo 776;Clase intensiva enfocada en el aprendizaje practico. Edicion 776.
Frontend con React - Grupo 777;Clase intensiva enfocada en el aprendizaje practico. Edicion 777.
DevOps y Cloud - Grupo 778;Clase intensiva enfocada en el aprendizaje practico. Edicion 778.
DevOps y Cloud - Grupo 779;Clase intensiva enfocada en el aprendizaje practico. Edicion 779.
Desarrollo en C# - Grupo 780;Clase intensiva enfocada en el aprendizaje practico. Edicion 780.
Arquitectura .NET - Grupo 781;Clase intensiva enfocada en el aprendizaje practico. Edicion 781.
Frontend con React - Grupo 782;Clase intensiva enfocada en el aprendizaje practico. Edicion 782.
Desarrollo en C# - Grupo 783;Clase intensiva enfocada en el aprendizaje practico. Edicion 783.
Bases de Datos PostgreSQL - Grupo 784;Clase intensiva enfocada en el aprendizaje practico. Edicion 784.
DevOps y Cloud - Grupo 785;Clase intensiva enfocada en el aprendizaje practico. Edicion 785.
DevOps y Cloud - Grupo 786;Clase intensiva enfocada en el aprendizaje practico. Edicion 786.
Desarrollo en C# - Grupo 787;Clase intensiva enfocada en el aprendizaje practico. Edicion 787.
DevOps y Cloud - Grupo 788;Clase intensiva enfocada en el aprendizaje practico. Edicion 788.
DevOps y Cloud - Grupo 789;Clase intensiva enfocada en el aprendizaje practico. Edicion 789.
Frontend con React - Grupo 790;Clase intensiva enfocada en el aprendizaje practico. Edicion 790.
DevOps y Cloud - Grupo 791;Clase intensiva enfocada en el aprendizaje practico. Edicion 791.
Arquitectura .NET - Grupo 792;Clase intensiva enfocada en el aprendizaje practico. Edicion 792.
Diseno UX/UI - Grupo 793;Clase intensiva enfocada en el aprendizaje practico. Edicion 793.
DevOps y Cloud - Grupo 794;Clase intensiva enfocada en el aprendizaje practico. Edicion 794.
Frontend con React - Grupo 795;Clase intensiva enfocada en el aprendizaje practico. Edicion 795.
Diseno UX/UI - Grupo 796;Clase intensiva enfocada en el aprendizaje practico. Edicion 796.
Desarrollo en C# - Grupo 797;Clase intensiva enfocada en el aprendizaje practico. Edicion 797.
Frontend con React - Grupo 798;Clase intensiva enfocada en el aprendizaje practico. Edicion 798.
Arquitectura .NET - Grupo 799;Clase intensiva enfocada en el aprendizaje practico. Edicion 799.
Desarrollo en C# - Grupo 800;Clase intensiva enfocada en el aprendizaje practico. Edicion 800.
Diseno UX/UI - Grupo 801;Clase intensiva enfocada en el aprendizaje practico. Edicion 801.
Bases de Datos PostgreSQL - Grupo 802;Clase intensiva enfocada en el aprendizaje practico. Edicion 802.
Frontend con React - Grupo 803;Clase intensiva enfocada en el aprendizaje practico. Edicion 803.
Desarrollo en C# - Grupo 804;Clase intensiva enfocada en el aprendizaje practico. Edicion 804.
Bases de Datos PostgreSQL - Grupo 805;Clase intensiva enfocada en el aprendizaje practico. Edicion 805.
Diseno UX/UI - Grupo 806;Clase intensiva enfocada en el aprendizaje practico. Edicion 806.
Desarrollo en C# - Grupo 807;Clase intensiva enfocada en el aprendizaje practico. Edicion 807.
Diseno UX/UI - Grupo 808;Clase intensiva enfocada en el aprendizaje practico. Edicion 808.
Desarrollo en C# - Grupo 809;Clase intensiva enfocada en el aprendizaje practico. Edicion 809.
Frontend con React - Grupo 810;Clase intensiva enfocada en el aprendizaje practico. Edicion 810.
Desarrollo en C# - Grupo 811;Clase intensiva enfocada en el aprendizaje practico. Edicion 811.
Bases de Datos PostgreSQL - Grupo 812;Clase intensiva enfocada en el aprendizaje practico. Edicion 812.
Desarrollo en C# - Grupo 813;Clase intensiva enfocada en el aprendizaje practico. Edicion 813.
Diseno UX/UI - Grupo 814;Clase intensiva enfocada en el aprendizaje practico. Edicion 814.
Desarrollo en C# - Grupo 815;Clase intensiva enfocada en el aprendizaje practico. Edicion 815.
Bases de Datos PostgreSQL - Grupo 816;Clase intensiva enfocada en el aprendizaje practico. Edicion 816.
Desarrollo en C# - Grupo 817;Clase intensiva enfocada en el aprendizaje practico. Edicion 817.
Arquitectura .NET - Grupo 818;Clase intensiva enfocada en el aprendizaje practico. Edicion 818.
Bases de Datos PostgreSQL - Grupo 819;Clase intensiva enfocada en el aprendizaje practico. Edicion 819.
Bases de Datos PostgreSQL - Grupo 820;Clase intensiva enfocada en el aprendizaje practico. Edicion 820.
Arquitectura .NET - Grupo 821;Clase intensiva enfocada en el aprendizaje practico. Edicion 821.
Bases de Datos PostgreSQL - Grupo 822;Clase intensiva enfocada en el aprendizaje practico. Edicion 822.
Frontend con React - Grupo 823;Clase intensiva enfocada en el aprendizaje practico. Edicion 823.
DevOps y Cloud - Grupo 824;Clase intensiva enfocada en el aprendizaje practico. Edicion 824.
Desarrollo en C# - Grupo 825;Clase intensiva enfocada en el aprendizaje practico. Edicion 825.
Frontend con React - Grupo 826;Clase intensiva enfocada en el aprendizaje practico. Edicion 826.
Diseno UX/UI - Grupo 827;Clase intensiva enfocada en el aprendizaje practico. Edicion 827.
Diseno UX/UI - Grupo 828;Clase intensiva enfocada en el aprendizaje practico. Edicion 828.
Bases de Datos PostgreSQL - Grupo 829;Clase intensiva enfocada en el aprendizaje practico. Edicion 829.
Arquitectura .NET - Grupo 830;Clase intensiva enfocada en el aprendizaje practico. Edicion 830.
DevOps y Cloud - Grupo 831;Clase intensiva enfocada en el aprendizaje practico. Edicion 831.
Arquitectura .NET - Grupo 832;Clase intensiva enfocada en el aprendizaje practico. Edicion 832.
Frontend con React - Grupo 833;Clase intensiva enfocada en el aprendizaje practico. Edicion 833.
Bases de Datos PostgreSQL - Grupo 834;Clase intensiva enfocada en el aprendizaje practico. Edicion 834.
Frontend con React - Grupo 835;Clase intensiva enfocada en el aprendizaje practico. Edicion 835.
Frontend con React - Grupo 836;Clase intensiva enfocada en el aprendizaje practico. Edicion 836.
Desarrollo en C# - Grupo 837;Clase intensiva enfocada en el aprendizaje practico. Edicion 837.
Arquitectura .NET - Grupo 838;Clase intensiva enfocada en el aprendizaje practico. Edicion 838.
Arquitectura .NET - Grupo 839;Clase intensiva enfocada en el aprendizaje practico. Edicion 839.
Diseno UX/UI - Grupo 840;Clase intensiva enfocada en el aprendizaje practico. Edicion 840.
Arquitectura .NET - Grupo 841;Clase intensiva enfocada en el aprendizaje practico. Edicion 841.
Bases de Datos PostgreSQL - Grupo 842;Clase intensiva enfocada en el aprendizaje practico. Edicion 842.
Bases de Datos PostgreSQL - Grupo 843;Clase intensiva enfocada en el aprendizaje practico. Edicion 843.
Bases de Datos PostgreSQL - Grupo 844;Clase intensiva enfocada en el aprendizaje practico. Edicion 844.
DevOps y Cloud - Grupo 845;Clase intensiva enfocada en el aprendizaje practico. Edicion 845.
DevOps y Cloud - Grupo 846;Clase intensiva enfocada en el aprendizaje practico. Edicion 846.
Diseno UX/UI - Grupo 847;Clase intensiva enfocada en el aprendizaje practico. Edicion 847.
DevOps y Cloud - Grupo 848;Clase intensiva enfocada en el aprendizaje practico. Edicion 848.
DevOps y Cloud - Grupo 849;Clase intensiva enfocada en el aprendizaje practico. Edicion 849.
Frontend con React - Grupo 850;Clase intensiva enfocada en el aprendizaje practico. Edicion 850.
Bases de Datos PostgreSQL - Grupo 851;Clase intensiva enfocada en el aprendizaje practico. Edicion 851.
Frontend con React - Grupo 852;Clase intensiva enfocada en el aprendizaje practico. Edicion 852.
Frontend con React - Grupo 853;Clase intensiva enfocada en el aprendizaje practico. Edicion 853.
DevOps y Cloud - Grupo 854;Clase intensiva enfocada en el aprendizaje practico. Edicion 854.
Diseno UX/UI - Grupo 855;Clase intensiva enfocada en el aprendizaje practico. Edicion 855.
Frontend con React - Grupo 856;Clase intensiva enfocada en el aprendizaje practico. Edicion 856.
Diseno UX/UI - Grupo 857;Clase intensiva enfocada en el aprendizaje practico. Edicion 857.
Arquitectura .NET - Grupo 858;Clase intensiva enfocada en el aprendizaje practico. Edicion 858.
Diseno UX/UI - Grupo 859;Clase intensiva enfocada en el aprendizaje practico. Edicion 859.
Diseno UX/UI - Grupo 860;Clase intensiva enfocada en el aprendizaje practico. Edicion 860.
Desarrollo en C# - Grupo 861;Clase intensiva enfocada en el aprendizaje practico. Edicion 861.
Bases de Datos PostgreSQL - Grupo 862;Clase intensiva enfocada en el aprendizaje practico. Edicion 862.
Diseno UX/UI - Grupo 863;Clase intensiva enfocada en el aprendizaje practico. Edicion 863.
DevOps y Cloud - Grupo 864;Clase intensiva enfocada en el aprendizaje practico. Edicion 864.
DevOps y Cloud - Grupo 865;Clase intensiva enfocada en el aprendizaje practico. Edicion 865.
Desarrollo en C# - Grupo 866;Clase intensiva enfocada en el aprendizaje practico. Edicion 866.
Diseno UX/UI - Grupo 867;Clase intensiva enfocada en el aprendizaje practico. Edicion 867.
DevOps y Cloud - Grupo 868;Clase intensiva enfocada en el aprendizaje practico. Edicion 868.
DevOps y Cloud - Grupo 869;Clase intensiva enfocada en el aprendizaje practico. Edicion 869.
Frontend con React - Grupo 870;Clase intensiva enfocada en el aprendizaje practico. Edicion 870.
Desarrollo en C# - Grupo 871;Clase intensiva enfocada en el aprendizaje practico. Edicion 871.
Frontend con React - Grupo 872;Clase intensiva enfocada en el aprendizaje practico. Edicion 872.
Frontend con React - Grupo 873;Clase intensiva enfocada en el aprendizaje practico. Edicion 873.
DevOps y Cloud - Grupo 874;Clase intensiva enfocada en el aprendizaje practico. Edicion 874.
Desarrollo en C# - Grupo 875;Clase intensiva enfocada en el aprendizaje practico. Edicion 875.
DevOps y Cloud - Grupo 876;Clase intensiva enfocada en el aprendizaje practico. Edicion 876.
Bases de Datos PostgreSQL - Grupo 877;Clase intensiva enfocada en el aprendizaje practico. Edicion 877.
Frontend con React - Grupo 878;Clase intensiva enfocada en el aprendizaje practico. Edicion 878.
DevOps y Cloud - Grupo 879;Clase intensiva enfocada en el aprendizaje practico. Edicion 879.
Bases de Datos PostgreSQL - Grupo 880;Clase intensiva enfocada en el aprendizaje practico. Edicion 880.
Arquitectura .NET - Grupo 881;Clase intensiva enfocada en el aprendizaje practico. Edicion 881.
Desarrollo en C# - Grupo 882;Clase intensiva enfocada en el aprendizaje practico. Edicion 882.
Frontend con React - Grupo 883;Clase intensiva enfocada en el aprendizaje practico. Edicion 883.
Frontend con React - Grupo 884;Clase intensiva enfocada en el aprendizaje practico. Edicion 884.
Frontend con React - Grupo 885;Clase intensiva enfocada en el aprendizaje practico. Edicion 885.
Arquitectura .NET - Grupo 886;Clase intensiva enfocada en el aprendizaje practico. Edicion 886.
Frontend con React - Grupo 887;Clase intensiva enfocada en el aprendizaje practico. Edicion 887.
Desarrollo en C# - Grupo 888;Clase intensiva enfocada en el aprendizaje practico. Edicion 888.
DevOps y Cloud - Grupo 889;Clase intensiva enfocada en el aprendizaje practico. Edicion 889.
Desarrollo en C# - Grupo 890;Clase intensiva enfocada en el aprendizaje practico. Edicion 890.
Diseno UX/UI - Grupo 891;Clase intensiva enfocada en el aprendizaje practico. Edicion 891.
DevOps y Cloud - Grupo 892;Clase intensiva enfocada en el aprendizaje practico. Edicion 892.
Desarrollo en C# - Grupo 893;Clase intensiva enfocada en el aprendizaje practico. Edicion 893.
DevOps y Cloud - Grupo 894;Clase intensiva enfocada en el aprendizaje practico. Edicion 894.
DevOps y Cloud - Grupo 895;Clase intensiva enfocada en el aprendizaje practico. Edicion 895.
DevOps y Cloud - Grupo 896;Clase intensiva enfocada en el aprendizaje practico. Edicion 896.
DevOps y Cloud - Grupo 897;Clase intensiva enfocada en el aprendizaje practico. Edicion 897.
DevOps y Cloud - Grupo 898;Clase intensiva enfocada en el aprendizaje practico. Edicion 898.
Frontend con React - Grupo 899;Clase intensiva enfocada en el aprendizaje practico. Edicion 899.
Desarrollo en C# - Grupo 900;Clase intensiva enfocada en el aprendizaje practico. Edicion 900.
Arquitectura .NET - Grupo 901;Clase intensiva enfocada en el aprendizaje practico. Edicion 901.
DevOps y Cloud - Grupo 902;Clase intensiva enfocada en el aprendizaje practico. Edicion 902.
Frontend con React - Grupo 903;Clase intensiva enfocada en el aprendizaje practico. Edicion 903.
Diseno UX/UI - Grupo 904;Clase intensiva enfocada en el aprendizaje practico. Edicion 904.
Frontend con React - Grupo 905;Clase intensiva enfocada en el aprendizaje practico. Edicion 905.
Desarrollo en C# - Grupo 906;Clase intensiva enfocada en el aprendizaje practico. Edicion 906.
Bases de Datos PostgreSQL - Grupo 907;Clase intensiva enfocada en el aprendizaje practico. Edicion 907.
Arquitectura .NET - Grupo 908;Clase intensiva enfocada en el aprendizaje practico. Edicion 908.
DevOps y Cloud - Grupo 909;Clase intensiva enfocada en el aprendizaje practico. Edicion 909.
Frontend con React - Grupo 910;Clase intensiva enfocada en el aprendizaje practico. Edicion 910.
Arquitectura .NET - Grupo 911;Clase intensiva enfocada en el aprendizaje practico. Edicion 911.
Frontend con React - Grupo 912;Clase intensiva enfocada en el aprendizaje practico. Edicion 912.
Bases de Datos PostgreSQL - Grupo 913;Clase intensiva enfocada en el aprendizaje practico. Edicion 913.
Arquitectura .NET - Grupo 914;Clase intensiva enfocada en el aprendizaje practico. Edicion 914.
Diseno UX/UI - Grupo 915;Clase intensiva enfocada en el aprendizaje practico. Edicion 915.
Bases de Datos PostgreSQL - Grupo 916;Clase intensiva enfocada en el aprendizaje practico. Edicion 916.
Diseno UX/UI - Grupo 917;Clase intensiva enfocada en el aprendizaje practico. Edicion 917.
Bases de Datos PostgreSQL - Grupo 918;Clase intensiva enfocada en el aprendizaje practico. Edicion 918.
Diseno UX/UI - Grupo 919;Clase intensiva enfocada en el aprendizaje practico. Edicion 919.
Bases de Datos PostgreSQL - Grupo 920;Clase intensiva enfocada en el aprendizaje practico. Edicion 920.
Frontend con React - Grupo 921;Clase intensiva enfocada en el aprendizaje practico. Edicion 921.
Frontend con React - Grupo 922;Clase intensiva enfocada en el aprendizaje practico. Edicion 922.
Diseno UX/UI - Grupo 923;Clase intensiva enfocada en el aprendizaje practico. Edicion 923.
Bases de Datos PostgreSQL - Grupo 924;Clase intensiva enfocada en el aprendizaje practico. Edicion 924.
DevOps y Cloud - Grupo 925;Clase intensiva enfocada en el aprendizaje practico. Edicion 925.
Desarrollo en C# - Grupo 926;Clase intensiva enfocada en el aprendizaje practico. Edicion 926.
Diseno UX/UI - Grupo 927;Clase intensiva enfocada en el aprendizaje practico. Edicion 927.
Bases de Datos PostgreSQL - Grupo 928;Clase intensiva enfocada en el aprendizaje practico. Edicion 928.
Arquitectura .NET - Grupo 929;Clase intensiva enfocada en el aprendizaje practico. Edicion 929.
Diseno UX/UI - Grupo 930;Clase intensiva enfocada en el aprendizaje practico. Edicion 930.
DevOps y Cloud - Grupo 931;Clase intensiva enfocada en el aprendizaje practico. Edicion 931.
Arquitectura .NET - Grupo 932;Clase intensiva enfocada en el aprendizaje practico. Edicion 932.
Frontend con React - Grupo 933;Clase intensiva enfocada en el aprendizaje practico. Edicion 933.
Arquitectura .NET - Grupo 934;Clase intensiva enfocada en el aprendizaje practico. Edicion 934.
Desarrollo en C# - Grupo 935;Clase intensiva enfocada en el aprendizaje practico. Edicion 935.
Desarrollo en C# - Grupo 936;Clase intensiva enfocada en el aprendizaje practico. Edicion 936.
Diseno UX/UI - Grupo 937;Clase intensiva enfocada en el aprendizaje practico. Edicion 937.
Diseno UX/UI - Grupo 938;Clase intensiva enfocada en el aprendizaje practico. Edicion 938.
Frontend con React - Grupo 939;Clase intensiva enfocada en el aprendizaje practico. Edicion 939.
Frontend con React - Grupo 940;Clase intensiva enfocada en el aprendizaje practico. Edicion 940.
Frontend con React - Grupo 941;Clase intensiva enfocada en el aprendizaje practico. Edicion 941.
Frontend con React - Grupo 942;Clase intensiva enfocada en el aprendizaje practico. Edicion 942.
DevOps y Cloud - Grupo 943;Clase intensiva enfocada en el aprendizaje practico. Edicion 943.
Diseno UX/UI - Grupo 944;Clase intensiva enfocada en el aprendizaje practico. Edicion 944.
Arquitectura .NET - Grupo 945;Clase intensiva enfocada en el aprendizaje practico. Edicion 945.
DevOps y Cloud - Grupo 946;Clase intensiva enfocada en el aprendizaje practico. Edicion 946.
DevOps y Cloud - Grupo 947;Clase intensiva enfocada en el aprendizaje practico. Edicion 947.
Arquitectura .NET - Grupo 948;Clase intensiva enfocada en el aprendizaje practico. Edicion 948.
Bases de Datos PostgreSQL - Grupo 949;Clase intensiva enfocada en el aprendizaje practico. Edicion 949.
Bases de Datos PostgreSQL - Grupo 950;Clase intensiva enfocada en el aprendizaje practico. Edicion 950.
DevOps y Cloud - Grupo 951;Clase intensiva enfocada en el aprendizaje practico. Edicion 951.
Desarrollo en C# - Grupo 952;Clase intensiva enfocada en el aprendizaje practico. Edicion 952.
Frontend con React - Grupo 953;Clase intensiva enfocada en el aprendizaje practico. Edicion 953.
Bases de Datos PostgreSQL - Grupo 954;Clase intensiva enfocada en el aprendizaje practico. Edicion 954.
Diseno UX/UI - Grupo 955;Clase intensiva enfocada en el aprendizaje practico. Edicion 955.
DevOps y Cloud - Grupo 956;Clase intensiva enfocada en el aprendizaje practico. Edicion 956.
Frontend con React - Grupo 957;Clase intensiva enfocada en el aprendizaje practico. Edicion 957.
Bases de Datos PostgreSQL - Grupo 958;Clase intensiva enfocada en el aprendizaje practico. Edicion 958.
Bases de Datos PostgreSQL - Grupo 959;Clase intensiva enfocada en el aprendizaje practico. Edicion 959.
Bases de Datos PostgreSQL - Grupo 960;Clase intensiva enfocada en el aprendizaje practico. Edicion 960.
Bases de Datos PostgreSQL - Grupo 961;Clase intensiva enfocada en el aprendizaje practico. Edicion 961.
Bases de Datos PostgreSQL - Grupo 962;Clase intensiva enfocada en el aprendizaje practico. Edicion 962.
Diseno UX/UI - Grupo 963;Clase intensiva enfocada en el aprendizaje practico. Edicion 963.
Desarrollo en C# - Grupo 964;Clase intensiva enfocada en el aprendizaje practico. Edicion 964.
Arquitectura .NET - Grupo 965;Clase intensiva enfocada en el aprendizaje practico. Edicion 965.
Frontend con React - Grupo 966;Clase intensiva enfocada en el aprendizaje practico. Edicion 966.
Desarrollo en C# - Grupo 967;Clase intensiva enfocada en el aprendizaje practico. Edicion 967.
DevOps y Cloud - Grupo 968;Clase intensiva enfocada en el aprendizaje practico. Edicion 968.
Desarrollo en C# - Grupo 969;Clase intensiva enfocada en el aprendizaje practico. Edicion 969.
Desarrollo en C# - Grupo 970;Clase intensiva enfocada en el aprendizaje practico. Edicion 970.
DevOps y Cloud - Grupo 971;Clase intensiva enfocada en el aprendizaje practico. Edicion 971.
Diseno UX/UI - Grupo 972;Clase intensiva enfocada en el aprendizaje practico. Edicion 972.
Desarrollo en C# - Grupo 973;Clase intensiva enfocada en el aprendizaje practico. Edicion 973.
Frontend con React - Grupo 974;Clase intensiva enfocada en el aprendizaje practico. Edicion 974.
DevOps y Cloud - Grupo 975;Clase intensiva enfocada en el aprendizaje practico. Edicion 975.
Diseno UX/UI - Grupo 976;Clase intensiva enfocada en el aprendizaje practico. Edicion 976.
Desarrollo en C# - Grupo 977;Clase intensiva enfocada en el aprendizaje practico. Edicion 977.
Desarrollo en C# - Grupo 978;Clase intensiva enfocada en el aprendizaje practico. Edicion 978.
Bases de Datos PostgreSQL - Grupo 979;Clase intensiva enfocada en el aprendizaje practico. Edicion 979.
Desarrollo en C# - Grupo 980;Clase intensiva enfocada en el aprendizaje practico. Edicion 980.
Bases de Datos PostgreSQL - Grupo 981;Clase intensiva enfocada en el aprendizaje practico. Edicion 981.
DevOps y Cloud - Grupo 982;Clase intensiva enfocada en el aprendizaje practico. Edicion 982.
Bases de Datos PostgreSQL - Grupo 983;Clase intensiva enfocada en el aprendizaje practico. Edicion 983.
Frontend con React - Grupo 984;Clase intensiva enfocada en el aprendizaje practico. Edicion 984.
Frontend con React - Grupo 985;Clase intensiva enfocada en el aprendizaje practico. Edicion 985.
Diseno UX/UI - Grupo 986;Clase intensiva enfocada en el aprendizaje practico. Edicion 986.
Desarrollo en C# - Grupo 987;Clase intensiva enfocada en el aprendizaje practico. Edicion 987.
Frontend con React - Grupo 988;Clase intensiva enfocada en el aprendizaje practico. Edicion 988.
Desarrollo en C# - Grupo 989;Clase intensiva enfocada en el aprendizaje practico. Edicion 989.
Frontend con React - Grupo 990;Clase intensiva enfocada en el aprendizaje practico. Edicion 990.
Desarrollo en C# - Grupo 991;Clase intensiva enfocada en el aprendizaje practico. Edicion 991.
Bases de Datos PostgreSQL - Grupo 992;Clase intensiva enfocada en el aprendizaje practico. Edicion 992.
Diseno UX/UI - Grupo 993;Clase intensiva enfocada en el aprendizaje practico. Edicion 993.
DevOps y Cloud - Grupo 994;Clase intensiva enfocada en el aprendizaje practico. Edicion 994.
Bases de Datos PostgreSQL - Grupo 995;Clase intensiva enfocada en el aprendizaje practico. Edicion 995.
Desarrollo en C# - Grupo 996;Clase intensiva enfocada en el aprendizaje practico. Edicion 996.
Bases de Datos PostgreSQL - Grupo 997;Clase intensiva enfocada en el aprendizaje practico. Edicion 997.
Diseno UX/UI - Grupo 998;Clase intensiva enfocada en el aprendizaje practico. Edicion 998.
Diseno UX/UI - Grupo 999;Clase intensiva enfocada en el aprendizaje practico. Edicion 999.
Diseno UX/UI - Grupo 1000;Clase intensiva enfocada en el aprendizaje practico. Edicion 1000.
